Ref ID,Genus,Species,Sex,Sex Confidence ,Age (years),Age Confidence ,Social with other parrots? ,Social with conspecifics?,"""mimicry"" sounds count","""phrase"" count","""word"" count",Improvisation/ word reorganization,Contextual use of mimicry,,,,,,,,,,,,,,,,,,,,
405,Agapornis,fischeri,Male,Low,0,Medium,Yes,Yes,1,3,4,Sometimes,Frequently,,,,,,,,,,,,,,,,,,,,
637,Agapornis,fischeri,Unknown,Low,2,High,No,,3,0,3,Frequently,Frequently,,,,,,,,,,,,,,,,,,,,
356,Agapornis,fischeri,Male,Low,10,High,No,,4,0,4,Never,Frequently,,,,,,,,,,,,,,,,,,,,
688,Agapornis,fischeri,Female,Medium,1,High,No,No,3,1,0,,Frequently,,,,,,,,,,,,,,,,,,,,
137,Agapornis,fischeri,Female,Medium,,,No,,3,0,0,,Never,,,,,,,,,,,,,,,,,,,,
41,Agapornis,fischeri,Female,High,,,Yes,No,14,2,6,Sometimes,Sometimes,,,,,,,,,,,,,,,,,,,,
778,Agapornis,fischeri,Male,High,7,High,Yes,No,50,12,7,Frequently,Sometimes,,,,,,,,,,,,,,,,,,,,
197,Agapornis,fischeri,Male,High,3,Medium,No,,2,0,0,Never,Sometimes,,,,,,,,,,,,,,,,,,,,
228,Agapornis,fischeri,Female,High,13,High,Yes,No,2,1,2,Never,Sometimes,,,,,,,,,,,,,,,,,,,,
291,Agapornis,fischeri,Female,Low,0.7,High,Yes,,1,1,5,Never,Sometimes,,,,,,,,,,,,,,,,,,,,
627,Agapornis,fischeri,Unknown,,2,High,Yes,Yes,1,0,0,,Sometimes,,,,,,,,,,,,,,,,,,,,
385,Agapornis,fischeri,Male,Low,6,High,Yes,Yes,1,0,0,,,,,,,,,,,,,,,,,,,,,,
261,Agapornis,roseicollis,Female,High,4,Medium,No,,4,2,2,Never,Frequently,,,,,,,,,,,,,,,,,,,,
23,Amazona,aestiva,Female,High,26,Low,No,No,2,10,35,Sometimes,Frequently,,,,,,,,,,,,,,,,,,,,
157,Amazona,aestiva,Female,High,19,High,No,,3,3,2,Sometimes,Frequently,,,,,,,,,,,,,,,,,,,,
169,Amazona,aestiva,Male,Low,32,High,No,,9,3,5,Sometimes,Frequently,,,,,,,,,,,,,,,,,,,,
280,Amazona,aestiva,Male,High,5.5,High,Yes,No,8,16,37,Sometimes,Frequently,,,,,,,,,,,,,,,,,,,,
363,Amazona,aestiva,Male,High,35,Medium,Yes,Yes,3,15,35,Sometimes,Frequently,,,,,,,,,,,,,,,,,,,,
734,Amazona,aestiva,Male,High,1,High,No,No,3,3,2,Sometimes,Frequently,,,,,,,,,,,,,,,,,,,,
51,Amazona,aestiva,Female,High,6,Low,No,,6,51,123,Frequently,Frequently,,,,,,,,,,,,,,,,,,,,
59,Amazona,aestiva,Male,High,13,Low,No,No,3,2,5,Frequently,Frequently,,,,,,,,,,,,,,,,,,,,
209,Amazona,aestiva,Male,Low,35,High,No,No,10,8,30,Frequently,Frequently,,,,,,,,,,,,,,,,,,,,
308,Amazona,aestiva,Male,High,19,Medium,No,,1,0,2,Never,Frequently,,,,,,,,,,,,,,,,,,,,
562,Amazona,aestiva,Unknown,,18,High,No,No,4,4,2,Never,Frequently,,,,,,,,,,,,,,,,,,,,
698,Amazona,aestiva,Unknown,,13,Medium,No,,2,0,3,Never,Never,,,,,,,,,,,,,,,,,,,,
171,Amazona,aestiva,Female,High,1,High,No,,2,7,15,Sometimes,Sometimes,,,,,,,,,,,,,,,,,,,,
230,Amazona,aestiva,Female,High,7,High,No,,15,8,10,Sometimes,Sometimes,,,,,,,,,,,,,,,,,,,,
303,Amazona,aestiva,Female,High,15,High,Yes,No,2,10,30,Sometimes,Sometimes,,,,,,,,,,,,,,,,,,,,
362,Amazona,aestiva,Male,High,10,Medium,Yes,Yes,5,12,28,Sometimes,Sometimes,,,,,,,,,,,,,,,,,,,,
670,Amazona,aestiva,Unknown,,13,Medium,Yes,No,2,8,16,Sometimes,Sometimes,,,,,,,,,,,,,,,,,,,,
706,Amazona,aestiva,Female,High,13,Medium,No,,1,0,7,Sometimes,Sometimes,,,,,,,,,,,,,,,,,,,,
75,Amazona,aestiva,Female,Low,28,Low,No,No,6,6,10,Frequently,Sometimes,,,,,,,,,,,,,,,,,,,,
87,Amazona,aestiva,Male,Low,35,Medium,No,,2,20,35,Never,Sometimes,,,,,,,,,,,,,,,,,,,,
722,Amazona,aestiva,Male,High,12,Medium,Yes,Yes,2,0,0,,Sometimes,,,,,,,,,,,,,,,,,,,,
870,Amazona,aestiva,Male,High,28,Medium,No,,20,20,50,Frequently,Frequently,,,,,,,,,,,,,,,,,,,,
885,Amazona,aestiva,Unknown,,45,Medium,Yes,No,4,10,26,Sometimes,Sometimes,,,,,,,,,,,,,,,,,,,,
170,Amazona,albifrons,Unknown,Low,2,Medium,No,No,8,12,12,Sometimes,Frequently,,,,,,,,,,,,,,,,,,,,
246,Amazona,amazonica,Female,Low,15,High,Yes,No,6,8,21,Sometimes,Sometimes,,,,,,,,,,,,,,,,,,,,
518,Amazona,amazonica,Female,High,,,Yes,No,3,2,5,Never,Sometimes,,,,,,,,,,,,,,,,,,,,
649,Amazona,amazonica,Unknown,,4,High,Yes,Yes,35,10,20,Frequently,Never,,,,,,,,,,,,,,,,,,,,
483,Amazona,auropalliata,Female,High,12,High,Yes,Yes,10,7,14,Sometimes,Frequently,,,,,,,,,,,,,,,,,,,,
158,Amazona,auropalliata,Male,Low,37,Low,No,,1,2,7,Frequently,Frequently,,,,,,,,,,,,,,,,,,,,
172,Amazona,auropalliata,Male,High,11,High,No,,3,15,50,Frequently,Frequently,,,,,,,,,,,,,,,,,,,,
269,Amazona,auropalliata,Male,High,9,High,No,,10,8,18,Frequently,Frequently,,,,,,,,,,,,,,,,,,,,
847,Amazona,auropalliata,Female,High,20,High,No,,30,15,46,Frequently,Frequently,,,,,,,,,,,,,,,,,,,,
873,Amazona,auropalliata,Female,Medium,6,High,No,No,2,20,10,Frequently,Frequently,,,,,,,,,,,,,,,,,,,,
875,Amazona,auropalliata,Male,High,7,High,Yes,No,7,10,30,Frequently,Frequently,,,,,,,,,,,,,,,,,,,,
846,Amazona,auropalliata,Male,High,30,High,Yes,No,1,3,14,Never,Frequently,,,,,,,,,,,,,,,,,,,,
54,Amazona,auropalliata,Male,High,41,,No,No,30,3,12,Sometimes,Sometimes,,,,,,,,,,,,,,,,,,,,
461,Amazona,auropalliata,Female,Low,36,Medium,Yes,Yes,1,20,50,Sometimes,Sometimes,,,,,,,,,,,,,,,,,,,,
619,Amazona,auropalliata,Male,High,25,High,No,No,4,10,10,Sometimes,Sometimes,,,,,,,,,,,,,,,,,,,,
806,Amazona,auropalliata,Female,Medium,19.5,High,Yes,Yes,3,6,29,Sometimes,Sometimes,,,,,,,,,,,,,,,,,,,,
127,Amazona,auropalliata,Female,Low,30,Low,Yes,Yes,5,3,8,Never,Sometimes,,,,,,,,,,,,,,,,,,,,
701,Amazona,auropalliata,Unknown,,1,High,Yes,No,3,4,9,Never,Sometimes,,,,,,,,,,,,,,,,,,,,
377,Amazona,auropalliata,Male,Medium,30,Medium,Yes,Yes,5,20,100,Sometimes,Frequently,,,,,,,,,,,,,,,,,,,,
380,Amazona,auropalliata,Female,High,50,Medium,No,,20,20,50,Sometimes,Frequently,,,,,,,,,,,,,,,,,,,,
281,Amazona,auropalliata,Male,High,,,Yes,No,4,1,4,Never,Sometimes,,,,,,,,,,,,,,,,,,,,
359,Amazona,auropalliata,Female,High,36,Low,No,,10,2,9,Never,Sometimes,,,,,,,,,,,,,,,,,,,,
167,Amazona,autumnalis,Male,Low,28,High,No,,20,5,14,Sometimes,Frequently,,,,,,,,,,,,,,,,,,,,
868,Amazona,autumnalis,Unknown,,41,Medium,No,,7,1,2,Never,Sometimes,,,,,,,,,,,,,,,,,,,,
586,Amazona,autumnalis,Male,Medium,35,Medium,No,No,6,1,3,Never,Sometimes,,,,,,,,,,,,,,,,,,,,
752,Amazona,brasiliensis,Unknown,,2,High,Yes,No,3,40,100,Sometimes,Frequently,,,,,,,,,,,,,,,,,,,,
105,Amazona,brasiliensis,Unknown,,35,High,No,,3,12,11,Frequently,Frequently,,,,,,,,,,,,,,,,,,,,
106,Amazona,brasiliensis,Unknown,Medium,15,Medium,No,,3,20,5,Frequently,Frequently,,,,,,,,,,,,,,,,,,,,
753,Amazona,brasiliensis,Unknown,,25,High,No,,2,8,23,Never,Sometimes,,,,,,,,,,,,,,,,,,,,
374,Amazona,leucocephala,Female,High,1.5,Medium,Yes,No,3,5,9,Sometimes,Frequently,,,,,,,,,,,,,,,,,,,,
215,Amazona,ochrocephala,Female,Low,3.5,High,No,,6,12,40,Frequently,Frequently,,,,,,,,,,,,,,,,,,,,
241,Amazona,ochrocephala,Female,Medium,40,Low,No,,4,0,3,Never,Frequently,,,,,,,,,,,,,,,,,,,,
305,Amazona,ochrocephala,Male,Medium,19,High,Yes,No,6,7,11,Never,Frequently,,,,,,,,,,,,,,,,,,,,
844,Amazona,ochrocephala,Male,Medium,17,Low,No,,2,5,8,Never,Frequently,,,,,,,,,,,,,,,,,,,,
160,Amazona,ochrocephala,Unknown,Low,25,High,No,No,10,6,15,Never,Never,,,,,,,,,,,,,,,,,,,,
166,Amazona,ochrocephala,Male,Medium,22,High,No,,10,2,5,Sometimes,Sometimes,,,,,,,,,,,,,,,,,,,,
865,Amazona,ochrocephala,Unknown,,27,Medium,No,,10,6,15,Sometimes,Sometimes,,,,,,,,,,,,,,,,,,,,
27,Amazona,oratrix,Male,High,14,Low,No,No,3,15,20,Sometimes,Frequently,,,,,,,,,,,,,,,,,,,,
32,Amazona,oratrix,Female,High,35,Low,Yes,No,30,15,20,Sometimes,Frequently,,,,,,,,,,,,,,,,,,,,
225,Amazona,oratrix,Female,Low,,,Yes,No,5,4,8,Sometimes,Frequently,,,,,,,,,,,,,,,,,,,,
471,Amazona,oratrix,Male,Medium,23,Medium,Yes,Yes,1,7,22,Sometimes,Frequently,,,,,,,,,,,,,,,,,,,,
491,Amazona,oratrix,Female,Medium,15,High,Yes,Yes,8,6,24,Sometimes,Frequently,,,,,,,,,,,,,,,,,,,,
496,Amazona,oratrix,Male,High,3,High,Yes,No,1,10,21,Sometimes,Frequently,,,,,,,,,,,,,,,,,,,,
674,Amazona,oratrix,Male,Medium,22,Medium,Yes,No,6,14,20,Sometimes,Frequently,,,,,,,,,,,,,,,,,,,,
679,Amazona,oratrix,Female,High,31,Medium,Yes,No,12,6,10,Sometimes,Frequently,,,,,,,,,,,,,,,,,,,,
776,Amazona,oratrix,Male,High,41,Medium,Yes,No,4,20,75,Sometimes,Frequently,,,,,,,,,,,,,,,,,,,,
805,Amazona,oratrix,Male,High,26,High,No,No,0,5,24,Sometimes,Frequently,,,,,,,,,,,,,,,,,,,,
78,Amazona,oratrix,Female,High,28,Low,Yes,No,7,15,20,Frequently,Frequently,,,,,,,,,,,,,,,,,,,,
682,Amazona,oratrix,Unknown,Low,,Low,Yes,Yes,10,100,80,Frequently,Frequently,,,,,,,,,,,,,,,,,,,,
222,Amazona,oratrix,Male,,26,Medium,No,No,5,6,25,Never,Frequently,,,,,,,,,,,,,,,,,,,,
725,Amazona,oratrix,Female,Medium,,,Yes,No,9,17,40,Sometimes,Never,,,,,,,,,,,,,,,,,,,,
840,Amazona,oratrix,Male,Low,52,Low,No,No,5,2,8,Sometimes,Sometimes,,,,,,,,,,,,,,,,,,,,
35,Amazona,oratrix,Male,High,38,Low,No,No,8,12,30,Never,Sometimes,,,,,,,,,,,,,,,,,,,,
309,Amazona,oratrix,Male,High,21,Medium,Yes,No,8,6,14,Never,Sometimes,,,,,,,,,,,,,,,,,,,,
610,Amazona,viridigenalis,Male,High,19,Medium,Yes,No,5,7,15,Frequently,Frequently,,,,,,,,,,,,,,,,,,,,
210,Amazona,viridigenalis,Female,Low,15,Low,Yes,No,10,3,4,Frequently,Sometimes,,,,,,,,,,,,,,,,,,,,
49,Amazona,viridigenalis,Male,High,2.5,,No,No,4,9,18,Sometimes,Frequently,,,,,,,,,,,,,,,,,,,,
696,Amazona,viridigenalis,Male,Medium,,,Yes,Yes,2,2,7,Never,Never,,,,,,,,,,,,,,,,,,,,
636,Amazona,,Unknown,Low,10,Medium,Yes,No,6,3,12,Never,Never,,,,,,,,,,,,,,,,,,,,
628,Amazona,,Female,High,,,Yes,No,12,5,13,Sometimes,Sometimes,,,,,,,,,,,,,,,,,,,,
559,Amazona,,Female,High,52,High,Yes,No,5,4,4,Never,Sometimes,,,,,,,,,,,,,,,,,,,,
358,Ara,ararauna,Female,High,27,Low,No,,3,3,30,Sometimes,Frequently,,,,,,,,,,,,,,,,,,,,
457,Ara,ararauna,Female,High,2,High,No,,2,6,19,Sometimes,Frequently,,,,,,,,,,,,,,,,,,,,
490,Ara,ararauna,Unknown,N/A,20,Medium,Yes,No,8,7,15,Sometimes,Frequently,,,,,,,,,,,,,,,,,,,,
654,Ara,ararauna,Male,High,1.5,High,Yes,No,25,10,30,Sometimes,Frequently,,,,,,,,,,,,,,,,,,,,
871,Ara,ararauna,Female,High,18,Medium,Yes,No,0,7,11,Sometimes,Frequently,,,,,,,,,,,,,,,,,,,,
72,Ara,ararauna,Male,High,6,Low,No,No,20,10,50,Frequently,Frequently,,,,,,,,,,,,,,,,,,,,
252,Ara,ararauna,Female,High,22,Medium,Yes,No,6,15,30,Frequently,Frequently,,,,,,,,,,,,,,,,,,,,
298,Ara,ararauna,Male,,11,Medium,No,,7,100,100,Frequently,Frequently,,,,,,,,,,,,,,,,,,,,
139,Ara,ararauna,Female,Medium,4,High,Yes,No,2,6,8,Never,Frequently,,,,,,,,,,,,,,,,,,,,
150,Ara,ararauna,Female,Medium,4,High,Yes,No,2,6,8,Never,Frequently,,,,,,,,,,,,,,,,,,,,
344,Ara,ararauna,Female,High,-1,High,No,,4,6,14,Never,Frequently,,,,,,,,,,,,,,,,,,,,
462,Ara,ararauna,Female,High,35,Medium,Yes,No,6,6,12,Never,Frequently,,,,,,,,,,,,,,,,,,,,
499,Ara,ararauna,Female,High,3,High,Yes,No,3,2,5,Never,Frequently,,,,,,,,,,,,,,,,,,,,
614,Ara,ararauna,Female,High,25,Medium,Yes,Yes,6,3,10,Never,Frequently,,,,,,,,,,,,,,,,,,,,
643,Ara,ararauna,Female,High,1,High,No,No,2,4,8,Never,Frequently,,,,,,,,,,,,,,,,,,,,
772,Ara,ararauna,Male,High,3,High,Yes,No,10,20,20,Never,Frequently,,,,,,,,,,,,,,,,,,,,
163,Ara,ararauna,Unknown,Low,20,Low,Yes,Yes,0,0,1,Never,Never,,,,,,,,,,,,,,,,,,,,
372,Ara,ararauna,Female,High,21,High,No,,3,0,3,Never,Never,,,,,,,,,,,,,,,,,,,,
176,Ara,ararauna,Male,Low,22,Medium,No,,5,3,9,Sometimes,Sometimes,,,,,,,,,,,,,,,,,,,,
337,Ara,ararauna,Female,Medium,7,High,No,,0,12,30,Sometimes,Sometimes,,,,,,,,,,,,,,,,,,,,
360,Ara,ararauna,Male,Medium,6.5,Medium,Yes,Yes,2,4,19,Sometimes,Sometimes,,,,,,,,,,,,,,,,,,,,
560,Ara,ararauna,Male,Medium,42,High,Yes,No,4,4,17,Sometimes,Sometimes,,,,,,,,,,,,,,,,,,,,
719,Ara,ararauna,Male,Medium,23,High,No,No,20,50,150,Sometimes,Sometimes,,,,,,,,,,,,,,,,,,,,
582,Ara,ararauna,Male,High,1,High,Yes,No,8,6,25,Frequently,Sometimes,,,,,,,,,,,,,,,,,,,,
240,Ara,ararauna,Female,High,23,High,Yes,Yes,3,1,6,Never,Sometimes,,,,,,,,,,,,,,,,,,,,
597,Ara,ararauna,Female,Low,15,Medium,No,No,5,0,7,Sometimes,Sometimes,,,,,,,,,,,,,,,,,,,,
401,Ara,chloropterus,Female,High,2,High,No,,1,5,14,Never,Sometimes,,,,,,,,,,,,,,,,,,,,
120,Ara,chloropterus,Male,High,13,Low,Yes,No,24,48,60,Frequently,Frequently,,,,,,,,,,,,,,,,,,,,
334,Ara,chloropterus,Female,High,1.5,High,No,,4,2,7,Never,Frequently,,,,,,,,,,,,,,,,,,,,
470,Ara,chloropterus,Female,High,17,Low,Yes,Yes,10,8,20,Never,Frequently,,,,,,,,,,,,,,,,,,,,
767,Ara,chloropterus,Unknown,,3,High,No,,10,0,0,,Frequently,,,,,,,,,,,,,,,,,,,,
243,Ara,chloropterus,Female,High,4,High,Yes,No,4,7,12,Never,Never,,,,,,,,,,,,,,,,,,,,
443,Ara,chloropterus,Female,,18,High,No,,1,6,60,Sometimes,Sometimes,,,,,,,,,,,,,,,,,,,,
888,Ara,chloropterus,Male,High,22,High,Yes,Yes,4,0,1,Never,Sometimes,,,,,,,,,,,,,,,,,,,,
890,Ara,chloropterus,Male,High,22,High,Yes,Yes,7,2,3,Never,Sometimes,,,,,,,,,,,,,,,,,,,,
322,Ara,glaucogularis,Male,High,3,High,Yes,Yes,7,6,6,Frequently,Frequently,,,,,,,,,,,,,,,,,,,,
864,Ara,glaucogularis,Male,Medium,15,High,No,,4,5,12,Never,Sometimes,,,,,,,,,,,,,,,,,,,,
52,Ara,macao,Female,Low,31,,No,No,2,3,12,Sometimes,Frequently,,,,,,,,,,,,,,,,,,,,
299,Ara,macao,Female,High,7,Medium,No,,4,7,4,Sometimes,Frequently,,,,,,,,,,,,,,,,,,,,
398,Ara,macao,Unknown,Medium,,,No,Yes,5,3,6,Sometimes,Never,,,,,,,,,,,,,,,,,,,,
161,Ara,macao,Male,Low,20,Low,Yes,Yes,1,0,1,Never,Never,,,,,,,,,,,,,,,,,,,,
191,Ara,macao,Female,High,42,High,Yes,Yes,7,1,4,Sometimes,Sometimes,,,,,,,,,,,,,,,,,,,,
699,Ara,macao,Unknown,,3.5,Low,Yes,No,3,4,10,Sometimes,Sometimes,,,,,,,,,,,,,,,,,,,,
466,Ara,militaris,Male,High,14,High,Yes,Yes,5,3,6,Never,Frequently,,,,,,,,,,,,,,,,,,,,
524,Ara,militaris,Male,High,1,High,Yes,No,2,2,10,Sometimes,Sometimes,,,,,,,,,,,,,,,,,,,,
476,Ara,severus,Male,High,14,Medium,No,,2,3,15,Sometimes,Frequently,,,,,,,,,,,,,,,,,,,,
824,Ara,severus,Male,High,16,Medium,No,No,1,10,18,Frequently,Frequently,,,,,,,,,,,,,,,,,,,,
606,Ara,severus,Male,High,10,Low,Yes,No,3,3,20,Never,Frequently,,,,,,,,,,,,,,,,,,,,
515,Ara,severus,Male,High,20,High,No,,3,7,5,Sometimes,Never,,,,,,,,,,,,,,,,,,,,
613,Ara,,Female,Medium,8,Medium,Yes,Yes,10,55,83,Frequently,Frequently,,,,,,,,,,,,,,,,,,,,
555,Ara,,Male,High,1,High,No,Yes,5,3,10,,,,,,,,,,,,,,,,,,,,,,
642,Aratinga,jandaya,Unknown,Low,2,High,Yes,No,1,3,5,Frequently,Frequently,,,,,,,,,,,,,,,,,,,,
556,Aratinga,jandaya,Female,High,26,High,Yes,No,1,1,4,Never,Sometimes,,,,,,,,,,,,,,,,,,,,
880,Aratinga,nenday,Female,High,26,High,No,,3,8,18,Sometimes,Frequently,,,,,,,,,,,,,,,,,,,,
434,Aratinga,nenday,Unknown,,12,High,Yes,No,5,2,2,Never,Sometimes,,,,,,,,,,,,,,,,,,,,
694,Aratinga,solstitialis,Unknown,,7,Low,Yes,No,2,15,24,Sometimes,Frequently,,,,,,,,,,,,,,,,,,,,
739,Aratinga,solstitialis,Male,High,,,No,,5,15,30,Frequently,Frequently,,,,,,,,,,,,,,,,,,,,
92,Aratinga,solstitialis,Female,High,16,High,No,,2,0,3,Never,Frequently,,,,,,,,,,,,,,,,,,,,
195,Aratinga,solstitialis,Female,Medium,,,Yes,Yes,2,0,1,Never,Frequently,,,,,,,,,,,,,,,,,,,,
196,Aratinga,solstitialis,Female,Medium,,,Yes,Yes,2,1,1,Never,Frequently,,,,,,,,,,,,,,,,,,,,
825,Aratinga,solstitialis,Female,High,13,Medium,Yes,Yes,3,0,4,Never,Frequently,,,,,,,,,,,,,,,,,,,,
464,Aratinga,solstitialis,Male,High,9,High,Yes,No,3,0,0,,Frequently,,,,,,,,,,,,,,,,,,,,
542,Aratinga,solstitialis,Female,Medium,7,Medium,No,No,1,0,0,,Frequently,,,,,,,,,,,,,,,,,,,,
509,Aratinga,solstitialis,Male,High,4,High,No,,5,0,1,Never,Never,,,,,,,,,,,,,,,,,,,,
612,Aratinga,solstitialis,Male,Low,12,High,No,No,1,3,10,Never,Never,,,,,,,,,,,,,,,,,,,,
400,Aratinga,solstitialis,Unknown,,1,Medium,No,,6,0,0,,Never,,,,,,,,,,,,,,,,,,,,
382,Aratinga,solstitialis,Female,Medium,,,No,,1,3,7,Sometimes,Sometimes,,,,,,,,,,,,,,,,,,,,
47,Aratinga,solstitialis,Female,High,11.5,Low,No,,2,2,4,Never,Sometimes,,,,,,,,,,,,,,,,,,,,
335,Aratinga,solstitialis,Male,Low,,Low,Yes,No,2,1,2,Never,Sometimes,,,,,,,,,,,,,,,,,,,,
395,Aratinga,solstitialis,Unknown,,3,High,No,,2,0,0,Never,Sometimes,,,,,,,,,,,,,,,,,,,,
826,Aratinga,solstitialis,Male,High,5,Low,Yes,Yes,1,0,2,Never,Sometimes,,,,,,,,,,,,,,,,,,,,
887,Aratinga ,solstitialis,Female,Medium,7,High,Yes,No,0,1,3,Never,Never,,,,,,,,,,,,,,,,,,,,
661,Bolborhynchus,lineola,Unknown,,9,Low,No,No,11,0,1,Never,Frequently,,,,,,,,,,,,,,,,,,,,
394,Bolborhynchus,lineola,Unknown,Low,,,Yes,Yes,4,10,19,Sometimes,Sometimes,,,,,,,,,,,,,,,,,,,,
617,Bolborhynchus,lineola,Male,High,3.5,Medium,Yes,No,0,2,4,Sometimes,Sometimes,,,,,,,,,,,,,,,,,,,,
596,Bolborhynchus,lineola,Male,High,8,High,No,No,3,3,4,Never,Sometimes,,,,,,,,,,,,,,,,,,,,
357,Bolborhynchus,lineola,Unknown,,,,Yes,No,4,0,0,,Sometimes,,,,,,,,,,,,,,,,,,,,
14,Bolborhynchus,lineola,Male,High,4,High,Yes,No,1,6,16,Never,,,,,,,,,,,,,,,,,,,,,
590,Brotogeris,versicolurus,Unknown,,5,Medium,Yes,No,5,3,4,Never,Never,,,,,,,,,,,,,,,,,,,,
214,Brotogeris ,versicolurus,Unknown,,2,High,Yes,No,0,5,6,Never,Frequently,,,,,,,,,,,,,,,,,,,,
156,Cacatua,alba,Female,Low,24,Medium,Yes,No,2,10,40,Sometimes,Frequently,,,,,,,,,,,,,,,,,,,,
177,Cacatua,alba,Male,Low,16,Medium,No,,0,6,7,Sometimes,Frequently,,,,,,,,,,,,,,,,,,,,
285,Cacatua,alba,Female,High,19,Medium,Yes,Yes,3,9,11,Frequently,Frequently,,,,,,,,,,,,,,,,,,,,
438,Cacatua,alba,Female,Low,7,High,No,No,4,10,25,Frequently,Frequently,,,,,,,,,,,,,,,,,,,,
522,Cacatua,alba,Male,High,15,High,Yes,No,2,4,21,Frequently,Frequently,,,,,,,,,,,,,,,,,,,,
798,Cacatua,alba,Male,High,16,Medium,Yes,Yes,2,6,11,Frequently,Frequently,,,,,,,,,,,,,,,,,,,,
128,Cacatua,alba,Male,High,20,High,No,,3,1,3,Never,Frequently,,,,,,,,,,,,,,,,,,,,
758,Cacatua,alba,Male,High,3.5,High,Yes,No,11,3,8,Sometimes,Sometimes,,,,,,,,,,,,,,,,,,,,
111,Cacatua,alba,Female,High,30,Medium,No,,0,10,12,Never,Sometimes,,,,,,,,,,,,,,,,,,,,
833,Cacatua,alba,Male,Low,20,Medium,No,,4,13,16,Sometimes,Frequently,,,,,,,,,,,,,,,,,,,,
621,Cacatua,alba,Female,High,21,Medium,Yes,Yes,1,1,2,Never,Never,,,,,,,,,,,,,,,,,,,,
620,Cacatua,alba,Female,Low,,,Yes,Yes,4,1,4,Never,Sometimes,,,,,,,,,,,,,,,,,,,,
33,Cacatua,galerita,Male,High,13,,Yes,No,6,100,50,Frequently,Frequently,,,,,,,,,,,,,,,,,,,,
229,Cacatua,galerita,Male,Low,7,Low,Yes,No,5,15,40,Frequently,Frequently,,,,,,,,,,,,,,,,,,,,
546,Cacatua,galerita,Male,Low,19,High,No,No,10,17,30,Frequently,Frequently,,,,,,,,,,,,,,,,,,,,
658,Cacatua,galerita,Male,High,12,Medium,No,,5,12,20,Frequently,Frequently,,,,,,,,,,,,,,,,,,,,
655,Cacatua,galerita,Female,High,1,High,No,,1,4,8,Never,Never,,,,,,,,,,,,,,,,,,,,
446,Cacatua,galerita,Unknown,,23,Medium,Yes,No,5,9,16,Sometimes,Sometimes,,,,,,,,,,,,,,,,,,,,
9,Cacatua,galerita,Male,High,20,Medium,,,2,4,7,Sometimes,,,,,,,,,,,,,,,,,,,,,
12,Cacatua,galerita,Male,Low,20,Medium,,,7,12,26,Frequently,,,,,,,,,,,,,,,,,,,,,
46,Cacatua,galerita,Male,High,29,,No,,1,8,50,Sometimes,Frequently,,,,,,,,,,,,,,,,,,,,
693,Cacatua,galerita,Male,High,20,Medium,Yes,Yes,1,5,7,Sometimes,Frequently,,,,,,,,,,,,,,,,,,,,
247,Cacatua,goffiniana,Male,Low,5,Medium,No,,3,10,30,Sometimes,Frequently,,,,,,,,,,,,,,,,,,,,
553,Cacatua,goffiniana,Female,High,28,High,Yes,No,3,7,16,Sometimes,Frequently,,,,,,,,,,,,,,,,,,,,
891,Cacatua,goffiniana,Female,High,21,High,Yes,Yes,1,5,6,Sometimes,Never,,,,,,,,,,,,,,,,,,,,
155,Cacatua,goffiniana,Male,Low,34,,Yes,No,1,1,2,Never,Never,,,,,,,,,,,,,,,,,,,,
180,Cacatua,goffiniana,Unknown,,14.5,High,No,,0,1,2,Never,Never,,,,,,,,,,,,,,,,,,,,
192,Cacatua,goffiniana,Female,High,18,High,Yes,No,0,2,2,Frequently,Sometimes,,,,,,,,,,,,,,,,,,,,
811,Cacatua,goffiniana,Male,High,26,Medium,No,No,0,1,1,Never,Sometimes,,,,,,,,,,,,,,,,,,,,
892,Cacatua,goffiniana,Female,High,10,High,Yes,Yes,3,1,3,Never,Sometimes,,,,,,,,,,,,,,,,,,,,
893,Cacatua,goffiniana,Female,High,1,High,Yes,Yes,2,1,3,Never,Sometimes,,,,,,,,,,,,,,,,,,,,
94,Cacatua,moluccensis,Male,High,34,High,Yes,Yes,1,8,18,Sometimes,Frequently,,,,,,,,,,,,,,,,,,,,
234,Cacatua,moluccensis,Male,Low,25,Low,No,,3,1,2,Sometimes,Frequently,,,,,,,,,,,,,,,,,,,,
428,Cacatua,moluccensis,Male,Medium,,,No,,1,15,22,Sometimes,Frequently,,,,,,,,,,,,,,,,,,,,
724,Cacatua,moluccensis,Male,High,1.5,High,No,,7,8,5,Sometimes,Frequently,,,,,,,,,,,,,,,,,,,,
741,Cacatua,moluccensis,Male,High,19,High,No,No,6,6,16,Sometimes,Frequently,,,,,,,,,,,,,,,,,,,,
77,Cacatua,moluccensis,Female,High,22,Low,Yes,No,5,10,12,Frequently,Frequently,,,,,,,,,,,,,,,,,,,,
505,Cacatua,moluccensis,Male,Low,22,Medium,Yes,No,5,5,10,Never,Frequently,,,,,,,,,,,,,,,,,,,,
349,Cacatua,moluccensis,Male,Low,27,High,Yes,No,2,3,8,Frequently,Never,,,,,,,,,,,,,,,,,,,,
889,Cacatua,moluccensis,Male,High,17,High,Yes,No,8,2,2,Sometimes,Sometimes,,,,,,,,,,,,,,,,,,,,
130,Cacatua,sanguinea,Female,High,21,High,Yes,No,0,5,28,Frequently,Frequently,,,,,,,,,,,,,,,,,,,,
53,Cacatua,sanguinea,Male,High,36,,Yes,Yes,0,12,20,Never,Frequently,,,,,,,,,,,,,,,,,,,,
700,Cacatua,sanguinea,Male,Medium,15,Medium,Yes,Yes,10,6,20,Never,Sometimes,,,,,,,,,,,,,,,,,,,,
680,Cacatua,sulphurea,Male,High,23,Medium,No,,3,6,18,Sometimes,Frequently,,,,,,,,,,,,,,,,,,,,
856,Cacatua,sulphurea,Female,High,20,High,No,,6,28,55,Sometimes,Frequently,,,,,,,,,,,,,,,,,,,,
447,Cacatua,sulphurea,Unknown,,27,High,No,No,4,20,100,Frequently,Frequently,,,,,,,,,,,,,,,,,,,,
678,Cacatua,sulphurea,Female,Medium,30,High,Yes,No,22,24,20,Frequently,Frequently,,,,,,,,,,,,,,,,,,,,
467,Cacatua,sulphurea,Male,Low,26,High,No,No,4,10,16,Never,Frequently,,,,,,,,,,,,,,,,,,,,
703,Cacatua,sulphurea,Male,High,6,High,No,No,3,6,16,Never,Frequently,,,,,,,,,,,,,,,,,,,,
56,Cacatua,sulphurea,Female,High,28,Low,Yes,No,6,10,18,Sometimes,Sometimes,,,,,,,,,,,,,,,,,,,,
270,Cacatua,sulphurea,Female,Low,5,High,Yes,No,5,15,80,Sometimes,Sometimes,,,,,,,,,,,,,,,,,,,,
571,Cacatua,sulphurea,Female,High,,,Yes,No,0,0,0,Sometimes,Sometimes,,,,,,,,,,,,,,,,,,,,
31,Cacatua,sulphurea,Male,Low,5,Low,No,No,1,2,2,Never,Sometimes,,,,,,,,,,,,,,,,,,,,
126,Cacatua,,Male,High,32,High,Yes,No,4,2,10,Frequently,Frequently,,,,,,,,,,,,,,,,,,,,
131,Cyanoliseus,patagonus,Male,High,23,High,Yes,No,5,4,10,Sometimes,Frequently,,,,,,,,,,,,,,,,,,,,
307,Cyanoliseus,patagonus,Female,High,21,High,Yes,No,12,7,20,Sometimes,Frequently,,,,,,,,,,,,,,,,,,,,
264,Cyanoramphus,novaezelandiae,Male,Low,1,High,Yes,Yes,2,6,10,Frequently,Frequently,,,,,,,,,,,,,,,,,,,,
330,Diopsittaca,nobilis,Female,High,,,Yes,No,7,4,4,Sometimes,Frequently,,,,,,,,,,,,,,,,,,,,
441,Diopsittaca,nobilis,Female,High,15,Medium,Yes,No,2,8,22,Sometimes,Frequently,,,,,,,,,,,,,,,,,,,,
202,Diopsittaca,nobilis,Female,Medium,6,Medium,No,,3,10,15,Frequently,Frequently,,,,,,,,,,,,,,,,,,,,
867,Diopsittaca,nobilis,Unknown,,26,High,No,,5,20,5,Frequently,Frequently,,,,,,,,,,,,,,,,,,,,
310,Diopsittaca,nobilis,Unknown,,0.5,High,No,,2,5,11,Never,Sometimes,,,,,,,,,,,,,,,,,,,,
659,Diopsittaca,nobilis,Female,High,20,High,No,,4,0,4,Never,Sometimes,,,,,,,,,,,,,,,,,,,,
876,Diopsittaca,nobilis,Male,High,7,High,Yes,No,2,5,8,Never,Sometimes,,,,,,,,,,,,,,,,,,,,
42,Eclectus,roratus,Male,High,17,,No,No,5,30,45,Sometimes,Frequently,,,,,,,,,,,,,,,,,,,,
397,Eclectus,roratus,Female,High,5,High,Yes,No,3,52,65,Sometimes,Frequently,,,,,,,,,,,,,,,,,,,,
417,Eclectus,roratus,Male,High,1,High,Yes,No,1,9,16,Sometimes,Frequently,,,,,,,,,,,,,,,,,,,,
675,Eclectus,roratus,Male,High,28,Medium,No,No,0,20,30,Sometimes,Frequently,,,,,,,,,,,,,,,,,,,,
736,Eclectus,roratus,Female,High,24,High,No,,1,9,25,Sometimes,Frequently,,,,,,,,,,,,,,,,,,,,
28,Eclectus,roratus,Male,High,6,Low,No,,6,15,24,Frequently,Frequently,,,,,,,,,,,,,,,,,,,,
379,Eclectus,roratus,Male,High,28,Medium,Yes,Yes,5,50,100,Frequently,Frequently,,,,,,,,,,,,,,,,,,,,
396,Eclectus,roratus,Female,High,9,High,No,,1,4,12,Never,Frequently,,,,,,,,,,,,,,,,,,,,
364,Eclectus,roratus,Female,High,4,Medium,Yes,No,7,2,8,Never,Never,,,,,,,,,,,,,,,,,,,,
557,Eclectus,roratus,Female,Low,25,High,Yes,No,0,3,6,Never,Never,,,,,,,,,,,,,,,,,,,,
89,Eclectus,roratus,Female,High,29,High,No,,3,5,15,Sometimes,Sometimes,,,,,,,,,,,,,,,,,,,,
178,Eclectus,roratus,Female,High,1,High,No,,1,2,6,Sometimes,Sometimes,,,,,,,,,,,,,,,,,,,,
689,Eclectus,roratus,Male,High,5,High,No,,1,8,30,Sometimes,Sometimes,,,,,,,,,,,,,,,,,,,,
783,Eclectus,roratus,Male,High,2,Medium,No,,10,15,25,Sometimes,Sometimes,,,,,,,,,,,,,,,,,,,,
645,Eclectus,roratus,Female,High,3,High,Yes,No,2,7,12,Frequently,Sometimes,,,,,,,,,,,,,,,,,,,,
346,Eclectus,roratus,Male,High,,,Yes,No,2,7,13,Never,Sometimes,,,,,,,,,,,,,,,,,,,,
410,Eclectus,roratus,Male,High,1,High,Yes,No,0,1,4,Never,Sometimes,,,,,,,,,,,,,,,,,,,,
437,Eclectus,roratus,Male,High,2,High,Yes,No,8,4,10,Never,Sometimes,,,,,,,,,,,,,,,,,,,,
444,Eclectus,roratus,Male,High,11,High,No,No,6,2,9,Never,Sometimes,,,,,,,,,,,,,,,,,,,,
536,Eclectus,roratus,Male,High,5,Medium,No,No,6,4,25,Never,Sometimes,,,,,,,,,,,,,,,,,,,,
782,Eclectus,roratus,Female,High,,,Yes,No,5,2,9,Never,Sometimes,,,,,,,,,,,,,,,,,,,,
884,Eclectus ,roratus,Female,High,21,Medium,Yes,No,3,15,20,Sometimes,Frequently,,,,,,,,,,,,,,,,,,,,
883,Eclectus ,roratus,Male,High,,Low,Yes,Yes,6,12,20,Never,Frequently,,,,,,,,,,,,,,,,,,,,
881,Eclectus ,roratus,Female,High,3,Medium,No,,6,4,1,Sometimes,Sometimes,,,,,,,,,,,,,,,,,,,,
103,Eolophus,roseicapilla,Male,High,4,High,Yes,No,5,12,12,Sometimes,Frequently,,,,,,,,,,,,,,,,,,,,
292,Eolophus,roseicapilla,Male,High,1,High,No,,2,4,5,Sometimes,Frequently,,,,,,,,,,,,,,,,,,,,
406,Eolophus,roseicapilla,Male,Low,8,Medium,Yes,No,3,7,25,Sometimes,Frequently,,,,,,,,,,,,,,,,,,,,
684,Eolophus,roseicapilla,Female,High,0.5,High,Yes,No,2,2,5,Sometimes,Frequently,,,,,,,,,,,,,,,,,,,,
710,Eolophus,roseicapilla,Male,High,3,High,No,,4,3,9,Sometimes,Frequently,,,,,,,,,,,,,,,,,,,,
420,Eolophus,roseicapilla,Male,High,2,High,No,,5,10,30,Frequently,Frequently,,,,,,,,,,,,,,,,,,,,
368,Eolophus,roseicapilla,Female,Low,30,Medium,Yes,No,2,1,2,Never,Never,,,,,,,,,,,,,,,,,,,,
451,Eolophus,roseicapilla,Male,High,6,High,No,No,3,3,10,Sometimes,Sometimes,,,,,,,,,,,,,,,,,,,,
37,Eolophus,roseicapilla,Male,Medium,32,Low,No,No,2,2,5,Never,Sometimes,,,,,,,,,,,,,,,,,,,,
63,Eolophus,roseicapilla,Female,High,19,,No,No,0,2,4,Never,Sometimes,,,,,,,,,,,,,,,,,,,,
517,Eolophus,roseicapilla,Female,Medium,1.5,High,No,,0,3,7,Never,Sometimes,,,,,,,,,,,,,,,,,,,,
750,Eolophus ,roseicapilla,Male,High,2,High,No,,11,60,85,Sometimes,Frequently,,,,,,,,,,,,,,,,,,,,
551,Eolophus ,roseicapilla,Male,High,11,High,Yes,No,15,20,30,Frequently,Frequently,,,,,,,,,,,,,,,,,,,,
532,Eos,bornea,Male,High,4,High,No,No,6,6,10,Sometimes,Sometimes,,,,,,,,,,,,,,,,,,,,
538,Eos,bornea,Male,High ,4,High,No,No,6,6,10,Sometimes,Sometimes,,,,,,,,,,,,,,,,,,,,
713,Eupsittula,aurea,Female,High,36,High,Yes,Yes,7,6,10,Sometimes,Frequently,,,,,,,,,,,,,,,,,,,,
66,Eupsittula,aurea,Female,High,22,,No,,2,15,36,Frequently,Frequently,,,,,,,,,,,,,,,,,,,,
39,Eupsittula,aurea,Female,High,16.5,Low,Yes,No,6,9,16,Sometimes,Sometimes,,,,,,,,,,,,,,,,,,,,
686,Eupsittula,aurea,Female,High,1,Low,Yes,No,20,0,15,Frequently,Sometimes,,,,,,,,,,,,,,,,,,,,
21,Eupsittula,canicularis,Female,High,1.5,Low,Yes,No,2,3,6,Sometimes,Sometimes,,,,,,,,,,,,,,,,,,,,
668,Eupsittula,canicularis,Unknown,,4,Medium,No,,3,7,14,Never,Sometimes,,,,,,,,,,,,,,,,,,,,
525,Eupsittula ,canicularis,Female,High,4,High,Yes,No,2,5,8,Never,Sometimes,,,,,,,,,,,,,,,,,,,,
754,Forpus,coelestis,Male,Medium,7,Medium,No,No,4,4,3,Sometimes,Frequently,,,,,,,,,,,,,,,,,,,,
841,Forpus,coelestis,Male,Medium,11,High,Yes,Yes,6,2,3,Sometimes,Frequently,,,,,,,,,,,,,,,,,,,,
388,Forpus,coelestis,Male,Medium,5.5,High,No,,2,4,11,Sometimes,Sometimes,,,,,,,,,,,,,,,,,,,,
794,Forpus,coelestis,Male,Medium,18,High,Yes,No,2,0,1,Sometimes,Sometimes,,,,,,,,,,,,,,,,,,,,
660,Forpus,coelestis,Male,Low,3,High,Yes,Yes,0,3,6,Frequently,Sometimes,,,,,,,,,,,,,,,,,,,,
341,Forpus,coelestis,Male,Medium,2,High,Yes,No,1,9,21,Never,Sometimes,,,,,,,,,,,,,,,,,,,,
817,Forpus,coelestis,Male,Medium,8,High,Yes,Yes,2,1,2,Never,Sometimes,,,,,,,,,,,,,,,,,,,,
107,Forpus ,coelestis,Male,Medium,5,High,Yes,Yes,1,1,2,Never,Never,,,,,,,,,,,,,,,,,,,,
340,Forpus ,coelestis,Male,Medium,1,High,No,No,2,3,7,Sometimes,Sometimes,,,,,,,,,,,,,,,,,,,,
604,Forpus ,coelestis,Male,Medium,8,Medium,No,,1,1,3,Never,Sometimes,,,,,,,,,,,,,,,,,,,,
13,Forpus ,coelestis,Male,High,4,High,Yes,No,7,5,10,Sometimes,,,,,,,,,,,,,,,,,,,,,
110,Lophochroa,leadbeateri,Male,Low,6,Medium,Yes,No,5,4,10,Sometimes,Frequently,,,,,,,,,,,,,,,,,,,,
757,Lophochroa,leadbeateri,Female,High,2,High,Yes,Yes,7,6,15,Never,Never,,,,,,,,,,,,,,,,,,,,
250,Lorius,garrulus,Male,High,5,High,No,,5,5,16,Sometimes,Frequently,,,,,,,,,,,,,,,,,,,,
179,Lorius,garrulus,Female,High,7,High,No,No,10,5,16,Never,Frequently,,,,,,,,,,,,,,,,,,,,
74,Melopsittacus,undulatus,Male,Medium,8,,Yes,Yes,25,35,60,Sometimes,Frequently,,,,,,,,,,,,,,,,,,,,
153,Melopsittacus,undulatus,Female,High,5,High,Yes,Yes,5,0,0,Sometimes,Frequently,,,,,,,,,,,,,,,,,,,,
205,Melopsittacus,undulatus,Male,Medium,5,High,No,,6,30,46,Sometimes,Frequently,,,,,,,,,,,,,,,,,,,,
302,Melopsittacus,undulatus,Male,Medium,1,High,No,,20,7,4,Sometimes,Frequently,,,,,,,,,,,,,,,,,,,,
319,Melopsittacus,undulatus,Male,Medium,2,High,No,,1,2,3,Sometimes,Frequently,,,,,,,,,,,,,,,,,,,,
354,Melopsittacus,undulatus,Male,Medium,3,Low,No,,2,43,76,Sometimes,Frequently,,,,,,,,,,,,,,,,,,,,
662,Melopsittacus,undulatus,Female,High,18,Medium,Yes,No,3,27,54,Sometimes,Frequently,,,,,,,,,,,,,,,,,,,,
258,Melopsittacus,undulatus,Male,Medium,6,Medium,Yes,Yes,10,30,100,Frequently,Frequently,,,,,,,,,,,,,,,,,,,,
259,Melopsittacus,undulatus,Male,Medium,9,Low,Yes,Yes,10,20,60,Frequently,Frequently,,,,,,,,,,,,,,,,,,,,
320,Melopsittacus,undulatus,Male,Medium,1,High,No,,4,9,14,Frequently,Frequently,,,,,,,,,,,,,,,,,,,,
516,Melopsittacus,undulatus,Male,Medium,8,High,Yes,Yes,20,100,160,Frequently,Frequently,,,,,,,,,,,,,,,,,,,,
79,Melopsittacus,undulatus,Female,Medium,10,Low,No,,2,0,0,Never,Frequently,,,,,,,,,,,,,,,,,,,,
644,Melopsittacus,undulatus,Unknown,Low,12,High,Yes,Yes,1,0,0,Never,Frequently,,,,,,,,,,,,,,,,,,,,
721,Melopsittacus,undulatus,Unknown,,26,High,Yes,Yes,25,0,20,Never,Frequently,,,,,,,,,,,,,,,,,,,,
730,Melopsittacus,undulatus,Female,High,25,High,No,No,35,6,15,Never,Frequently,,,,,,,,,,,,,,,,,,,,
731,Melopsittacus,undulatus,Female,High,5,High,Yes,No,1,5,0,Never,Frequently,,,,,,,,,,,,,,,,,,,,
339,Melopsittacus,undulatus,Male,Medium,3,High,Yes,No,2,11,25,Sometimes,Never,,,,,,,,,,,,,,,,,,,,
373,Melopsittacus,undulatus,Male,Medium,1,High,No,,10,8,20,Sometimes,Never,,,,,,,,,,,,,,,,,,,,
198,Melopsittacus,undulatus,Male,Medium,3,High,No,,2,6,11,Frequently,Never,,,,,,,,,,,,,,,,,,,,
609,Melopsittacus,undulatus,Male,Medium,1,High,Yes,Yes,5,23,43,Frequently,Never,,,,,,,,,,,,,,,,,,,,
832,Melopsittacus,undulatus,Female,Medium,,,Yes,Yes,1,0,0,,Never,,,,,,,,,,,,,,,,,,,,
869,Melopsittacus,undulatus,Male,Medium,,,Yes,Yes,5,0,0,,Never,,,,,,,,,,,,,,,,,,,,
145,Melopsittacus,undulatus,Female,Medium,1,High,No,No,5,4,12,Sometimes,Sometimes,,,,,,,,,,,,,,,,,,,,
83,Melopsittacus,undulatus,Male,Medium,6,High,Yes,No,3,25,60,Frequently,Sometimes,,,,,,,,,,,,,,,,,,,,
84,Melopsittacus,undulatus,Male,Medium,6,High,Yes,No,3,25,60,Frequently,Sometimes,,,,,,,,,,,,,,,,,,,,
213,Melopsittacus,undulatus,Male,Medium,3,High,Yes,Yes,4,5,13,Frequently,Sometimes,,,,,,,,,,,,,,,,,,,,
484,Melopsittacus,undulatus,Male,Medium,4,High,Yes,Yes,3,8,22,Frequently,Sometimes,,,,,,,,,,,,,,,,,,,,
510,Melopsittacus,undulatus,Male,Medium,8,High,No,No,20,18,40,Frequently,Sometimes,,,,,,,,,,,,,,,,,,,,
618,Melopsittacus,undulatus,Male,Medium,1,High,Yes,No,1,1,2,Frequently,Sometimes,,,,,,,,,,,,,,,,,,,,
426,Melopsittacus,undulatus,Male,Medium,1,High,No,,3,4,10,Never,Sometimes,,,,,,,,,,,,,,,,,,,,
429,Melopsittacus,undulatus,Female,High,3,High,Yes,No,5,2,5,Never,Sometimes,,,,,,,,,,,,,,,,,,,,
726,Melopsittacus,undulatus,Male,Medium,54,Medium,No,No,8,1,7,Never,Sometimes,,,,,,,,,,,,,,,,,,,,
816,Melopsittacus,undulatus,Female,Medium,3,Medium,Yes,Yes,1,3,8,Never,Sometimes,,,,,,,,,,,,,,,,,,,,
15,Melopsittacus,undulatus,Male,Medium,12,Low,Yes,No,4,0,0,,,,,,,,,,,,,,,,,,,,,,
485,Melopsittacus,undulatus,Male,Medium,5.5,High,Yes,Yes,2,0,0,,,,,,,,,,,,,,,,,,,,,,
65,Myiopsitta,monachus,Male,High,11,Low,Yes,No,6,4,26,Sometimes,Frequently,,,,,,,,,,,,,,,,,,,,
142,Myiopsitta,monachus,Unknown,Low,20,Medium,Yes,Yes,10,10,48,Sometimes,Frequently,,,,,,,,,,,,,,,,,,,,
223,Myiopsitta,monachus,Male,Low,13,Low,Yes,No,10,4,7,Sometimes,Frequently,,,,,,,,,,,,,,,,,,,,
271,Myiopsitta,monachus,Male,High,3,Low,Yes,No,3,8,21,Sometimes,Frequently,,,,,,,,,,,,,,,,,,,,
276,Myiopsitta,monachus,Unknown,,2,High,No,,5,8,20,Sometimes,Frequently,,,,,,,,,,,,,,,,,,,,
321,Myiopsitta,monachus,Female,Medium,1,High,Yes,No,7,4,5,Sometimes,Frequently,,,,,,,,,,,,,,,,,,,,
333,Myiopsitta,monachus,Unknown,,2,High,No,,16,52,116,Sometimes,Frequently,,,,,,,,,,,,,,,,,,,,
432,Myiopsitta,monachus,Unknown,,0,High,No,No,3,3,11,Sometimes,Frequently,,,,,,,,,,,,,,,,,,,,
514,Myiopsitta,monachus,Male,Medium,1,High,Yes,No,0,5,12,Sometimes,Frequently,,,,,,,,,,,,,,,,,,,,
574,Myiopsitta,monachus,Male,High,2,High,No,No,4,15,100,Sometimes,Frequently,,,,,,,,,,,,,,,,,,,,
622,Myiopsitta,monachus,Female,High,5,High,No,,7,9,20,Sometimes,Frequently,,,,,,,,,,,,,,,,,,,,
653,Myiopsitta,monachus,Female,High,13,High,Yes,,20,7,17,Sometimes,Frequently,,,,,,,,,,,,,,,,,,,,
709,Myiopsitta,monachus,Male,High,6,Medium,No,No,1,2,7,Sometimes,Frequently,,,,,,,,,,,,,,,,,,,,
743,Myiopsitta,monachus,Male,High,19,High,No,No,6,6,16,Sometimes,Frequently,,,,,,,,,,,,,,,,,,,,
748,Myiopsitta,monachus,Female,High,21,Medium,Yes,Yes,3,2,3,Sometimes,Frequently,,,,,,,,,,,,,,,,,,,,
779,Myiopsitta,monachus,Unknown,,3,High,No,,2,80,120,Sometimes,Frequently,,,,,,,,,,,,,,,,,,,,
808,Myiopsitta,monachus,Male,Medium,18,Medium,Yes,Yes,4,50,59,Sometimes,Frequently,,,,,,,,,,,,,,,,,,,,
141,Myiopsitta,monachus,Unknown,Low,26,Medium,Yes,Yes,12,39,85,Frequently,Frequently,,,,,,,,,,,,,,,,,,,,
431,Myiopsitta,monachus,Male,High,3,High,No,,8,25,54,Frequently,Frequently,,,,,,,,,,,,,,,,,,,,
433,Myiopsitta,monachus,Male,High,13,High,Yes,No,10,30,15,Frequently,Frequently,,,,,,,,,,,,,,,,,,,,
477,Myiopsitta,monachus,Unknown,,15,Medium,No,,5,15,35,Frequently,Frequently,,,,,,,,,,,,,,,,,,,,
539,Myiopsitta,monachus,Unknown,,10,High,Yes,No,8,16,25,Frequently,Frequently,,,,,,,,,,,,,,,,,,,,
101,Myiopsitta,monachus,Male,Medium,7,Medium,Yes,No,5,25,36,Never,Frequently,,,,,,,,,,,,,,,,,,,,
244,Myiopsitta,monachus,Male,Medium,1.5,,No,Yes,10,15,44,Never,Frequently,,,,,,,,,,,,,,,,,,,,
746,Myiopsitta,monachus,Female,High,28.5,High,Yes,Yes,4,2,4,Never,Frequently,,,,,,,,,,,,,,,,,,,,
315,Myiopsitta,monachus,Male,Low,6,Low,No,,3,0,3,Sometimes,Never,,,,,,,,,,,,,,,,,,,,
879,Myiopsitta,monachus,Female,High,1,High,Yes,Yes,10,2,4,Frequently,Never,,,,,,,,,,,,,,,,,,,,
124,Myiopsitta,monachus,Male,Low,1,High,No,,3,2,3,Never,Never,,,,,,,,,,,,,,,,,,,,
181,Myiopsitta,monachus,Male,Medium,0.5,High,Yes,No,9,3,5,Never,Never,,,,,,,,,,,,,,,,,,,,
96,Myiopsitta,monachus,Female,High,,Medium,Yes,No,6,4,12,Sometimes,Sometimes,,,,,,,,,,,,,,,,,,,,
99,Myiopsitta,monachus,Female,High,,Medium,Yes,No,6,4,12,Sometimes,Sometimes,,,,,,,,,,,,,,,,,,,,
173,Myiopsitta,monachus,Male,Medium,3,High,No,,6,8,19,Sometimes,Sometimes,,,,,,,,,,,,,,,,,,,,
212,Myiopsitta,monachus,Female,High,8,High,No,,8,4,12,Sometimes,Sometimes,,,,,,,,,,,,,,,,,,,,
260,Myiopsitta,monachus,Male,Low,,,No,,10,5,20,Sometimes,Sometimes,,,,,,,,,,,,,,,,,,,,
275,Myiopsitta,monachus,Male,High,6,Medium,No,Yes,14,6,33,Sometimes,Sometimes,,,,,,,,,,,,,,,,,,,,
573,Myiopsitta,monachus,Female,High,20,High,Yes,Yes,5,10,15,Sometimes,Sometimes,,,,,,,,,,,,,,,,,,,,
712,Myiopsitta,monachus,Male,High,10,High,Yes,No,7,10,8,Sometimes,Sometimes,,,,,,,,,,,,,,,,,,,,
274,Myiopsitta,monachus,Female,High,30,High,Yes,No,3,8,13,Frequently,Sometimes,,,,,,,,,,,,,,,,,,,,
605,Myiopsitta,monachus,Female,High,3,High,No,,8,7,27,Frequently,Sometimes,,,,,,,,,,,,,,,,,,,,
646,Myiopsitta,monachus,Female,High,1,High,No,No,1,0,3,Frequently,Sometimes,,,,,,,,,,,,,,,,,,,,
62,Myiopsitta,monachus,Male,High,22,Low,No,No,5,6,14,Never,Sometimes,,,,,,,,,,,,,,,,,,,,
255,Myiopsitta,monachus,Unknown,,1,High,Yes,No,4,6,20,Never,Sometimes,,,,,,,,,,,,,,,,,,,,
278,Myiopsitta,monachus,Female,High,7,High,Yes,Yes,0,2,6,Never,Sometimes,,,,,,,,,,,,,,,,,,,,
378,Myiopsitta,monachus,Female,High,9,High,No,,5,4,15,Never,Sometimes,,,,,,,,,,,,,,,,,,,,
576,Myiopsitta,monachus,Female,High,17,High,Yes,Yes,5,4,7,Never,Sometimes,,,,,,,,,,,,,,,,,,,,
631,Myiopsitta,monachus,Unknown,,1,Medium,No,,2,1,6,Never,Sometimes,,,,,,,,,,,,,,,,,,,,
607,Myiopsitta ,monachus,Male,Medium,3,Low,Yes,Yes,5,1,4,Never,Sometimes,,,,,,,,,,,,,,,,,,,,
549,Myiopsitta ,monachus ,Unknown,,1,High,Yes,No,1,3,11,Never,Frequently,,,,,,,,,,,,,,,,,,,,
550,Myiopsitta ,monachus ,Unknown,,1,High,Yes,No,1,3,11,Never,Frequently,,,,,,,,,,,,,,,,,,,,
747,Neophema,bourkii,Female,High,23,Medium,Yes,Yes,2,1,2,Never,Frequently,,,,,,,,,,,,,,,,,,,,
100,Neophema,bourkii ,Male,Low,5,High,Yes,Yes,8,0,0,,Frequently,,,,,,,,,,,,,,,,,,,,
25,Nymphicus,hollandicus,Male,Medium,15,Low,No,No,5,0,4,Sometimes,Frequently,,,,,,,,,,,,,,,,,,,,
98,Nymphicus,hollandicus,Female,Medium,6,Medium,No,Yes,3,4,10,Sometimes,Frequently,,,,,,,,,,,,,,,,,,,,
399,Nymphicus,hollandicus,Male,Medium,1,High,Yes,Yes,4,2,2,Sometimes,Frequently,,,,,,,,,,,,,,,,,,,,
493,Nymphicus,hollandicus,Male,Medium,11,High,No,No,30,40,150,Sometimes,Frequently,,,,,,,,,,,,,,,,,,,,
577,Nymphicus,hollandicus,Male,Medium,8,High,Yes,Yes,6,6,18,Sometimes,Frequently,,,,,,,,,,,,,,,,,,,,
657,Nymphicus,hollandicus,Female,High,4,High,Yes,No,10,30,25,Sometimes,Frequently,,,,,,,,,,,,,,,,,,,,
665,Nymphicus,hollandicus,Female,High,7,High,No,,7,12,15,Sometimes,Frequently,,,,,,,,,,,,,,,,,,,,
672,Nymphicus,hollandicus,Male,High,19,Medium,No,No,1,15,50,Sometimes,Frequently,,,,,,,,,,,,,,,,,,,,
705,Nymphicus,hollandicus,Female,High,45,Medium,No,Yes,1,8,19,Sometimes,Frequently,,,,,,,,,,,,,,,,,,,,
858,Nymphicus,hollandicus,Male,Medium,,,Yes,No,4,8,20,Sometimes,Frequently,,,,,,,,,,,,,,,,,,,,
740,Nymphicus,hollandicus,Male,Medium,18,High,Yes,No,15,50,100,Frequently,Frequently,,,,,,,,,,,,,,,,,,,,
745,Nymphicus,hollandicus,Female,Low,11,Medium,Yes,No,50,30,200,Frequently,Frequently,,,,,,,,,,,,,,,,,,,,
286,Nymphicus,hollandicus,Male,Medium,5,Medium,Yes,Yes,30,1,2,Never,Frequently,,,,,,,,,,,,,,,,,,,,
353,Nymphicus,hollandicus,Unknown,,3,High,No,,3,5,8,Never,Frequently,,,,,,,,,,,,,,,,,,,,
552,Nymphicus,hollandicus,Male,Medium,10,High,Yes,Yes,1,2,4,Never,Frequently,,,,,,,,,,,,,,,,,,,,
732,Nymphicus,hollandicus,Female,High,5,High,Yes,Yes,2,0,0,Never,Frequently,,,,,,,,,,,,,,,,,,,,
521,Nymphicus,hollandicus,Male,Medium,4.5,High,No,No,5,0,0,,Frequently,,,,,,,,,,,,,,,,,,,,
151,Nymphicus,hollandicus,Male,Medium,9,Medium,No,,3,1,2,Sometimes,Never,,,,,,,,,,,,,,,,,,,,
183,Nymphicus,hollandicus,Male,High,0.5,High,No,,2,2,2,Sometimes,Never,,,,,,,,,,,,,,,,,,,,
787,Nymphicus,hollandicus,Male,Medium,20,Medium,No,No,1,2,2,Sometimes,Never,,,,,,,,,,,,,,,,,,,,
836,Nymphicus,hollandicus,Male,Low,1,High,Yes,Yes,1,2,4,Sometimes,Never,,,,,,,,,,,,,,,,,,,,
837,Nymphicus,hollandicus,Male,Low,1,High,Yes,Yes,1,2,4,Sometimes,Never,,,,,,,,,,,,,,,,,,,,
857,Nymphicus,hollandicus,Male,Medium,28,High,No,No,0,2,10,Sometimes,Never,,,,,,,,,,,,,,,,,,,,
64,Nymphicus,hollandicus,Male,Medium,20,,Yes,Yes,3,0,0,Never,Never,,,,,,,,,,,,,,,,,,,,
69,Nymphicus,hollandicus,Male,Medium,3,Low,Yes,Yes,2,1,3,Never,Never,,,,,,,,,,,,,,,,,,,,
93,Nymphicus,hollandicus,Male,Medium,18,High,No,,0,0,2,Never,Never,,,,,,,,,,,,,,,,,,,,
188,Nymphicus,hollandicus,Male,Medium,11,Medium,Yes,No,2,6,12,Never,Never,,,,,,,,,,,,,,,,,,,,
430,Nymphicus,hollandicus,Male,High,0.5,High,Yes,No,4,2,5,Never,Never,,,,,,,,,,,,,,,,,,,,
519,Nymphicus,hollandicus,Male,Medium,3,High,Yes,Yes,5,2,7,Never,Never,,,,,,,,,,,,,,,,,,,,
728,Nymphicus,hollandicus,Male,High,,,Yes,Yes,2,5,21,Never,Never,,,,,,,,,,,,,,,,,,,,
791,Nymphicus,hollandicus,Male,High,5,Medium,Yes,Yes,1,2,3,Never,Never,,,,,,,,,,,,,,,,,,,,
800,Nymphicus,hollandicus,Male,Low,,,Yes,Yes,0,2,4,Never,Never,,,,,,,,,,,,,,,,,,,,
102,Nymphicus,hollandicus,Male,High,15,High,No,,4,6,9,Sometimes,Sometimes,,,,,,,,,,,,,,,,,,,,
290,Nymphicus,hollandicus,Male,Low,7,High,No,,6,2,4,Sometimes,Sometimes,,,,,,,,,,,,,,,,,,,,
297,Nymphicus,hollandicus,Male,Medium,9,High,No,,5,5,10,Sometimes,Sometimes,,,,,,,,,,,,,,,,,,,,
387,Nymphicus,hollandicus,Male,High,16,Low,Yes,Yes,2,1,2,Sometimes,Sometimes,,,,,,,,,,,,,,,,,,,,
389,Nymphicus,hollandicus,Male,Medium,14,High,Yes,Yes,2,1,2,Sometimes,Sometimes,,,,,,,,,,,,,,,,,,,,
390,Nymphicus,hollandicus,Male,High,14,Low,Yes,Yes,2,2,2,Sometimes,Sometimes,,,,,,,,,,,,,,,,,,,,
392,Nymphicus,hollandicus,Male,Medium,12,High,Yes,Yes,2,0,0,Sometimes,Sometimes,,,,,,,,,,,,,,,,,,,,
585,Nymphicus,hollandicus,Male,Low,15,High,Yes,Yes,3,0,0,Sometimes,Sometimes,,,,,,,,,,,,,,,,,,,,
749,Nymphicus,hollandicus,Male,High,1,High,Yes,No,5,4,9,Sometimes,Sometimes,,,,,,,,,,,,,,,,,,,,
81,Nymphicus,hollandicus,Male,Medium,14,Low,Yes,Yes,10,2,5,Frequently,Sometimes,,,,,,,,,,,,,,,,,,,,
108,Nymphicus,hollandicus,Male,Medium,3,Medium,No,,3,3,2,Frequently,Sometimes,,,,,,,,,,,,,,,,,,,,
203,Nymphicus,hollandicus,Male,Medium,2,High,Yes,No,6,4,13,Frequently,Sometimes,,,,,,,,,,,,,,,,,,,,
208,Nymphicus,hollandicus,Male,Medium,3,High,No,,8,6,17,Frequently,Sometimes,,,,,,,,,,,,,,,,,,,,
603,Nymphicus,hollandicus,Male,Low,5,High,Yes,Yes,3,3,8,Frequently,Sometimes,,,,,,,,,,,,,,,,,,,,
58,Nymphicus,hollandicus,Male,Medium,10,Low,Yes,Yes,4,0,0,Never,Sometimes,,,,,,,,,,,,,,,,,,,,
68,Nymphicus,hollandicus,Male,Medium,4,,No,,2,1,1,Never,Sometimes,,,,,,,,,,,,,,,,,,,,
85,Nymphicus,hollandicus,Male,Medium,23,High,Yes,No,3,3,4,Never,Sometimes,,,,,,,,,,,,,,,,,,,,
306,Nymphicus,hollandicus,Male,Medium,1,High,Yes,Yes,4,3,7,Never,Sometimes,,,,,,,,,,,,,,,,,,,,
317,Nymphicus,hollandicus,Male,High,0.3,High,Yes,No,1,0,0,Never,Sometimes,,,,,,,,,,,,,,,,,,,,
370,Nymphicus,hollandicus,Male,Medium,1,High,Yes,Yes,4,7,9,Never,Sometimes,,,,,,,,,,,,,,,,,,,,
381,Nymphicus,hollandicus,Male,Medium,1,High,Yes,No,2,2,4,Never,Sometimes,,,,,,,,,,,,,,,,,,,,
570,Nymphicus,hollandicus,Male,Medium,23,High,No,No,20,3,3,Never,Sometimes,,,,,,,,,,,,,,,,,,,,
650,Nymphicus,hollandicus,Male,Medium,,Medium,Yes,Yes,2,0,0,Never,Sometimes,,,,,,,,,,,,,,,,,,,,
711,Nymphicus,hollandicus,Male,Medium,15,Medium,No,No,3,3,6,Never,Sometimes,,,,,,,,,,,,,,,,,,,,
715,Nymphicus,hollandicus,Male,Medium,14,High,No,,7,0,0,Never,Sometimes,,,,,,,,,,,,,,,,,,,,
716,Nymphicus,hollandicus,Unknown,,,,Yes,No,7,0,2,Never,Sometimes,,,,,,,,,,,,,,,,,,,,
755,Nymphicus,hollandicus,Male,High,7,Medium,Yes,No,1,4,8,Never,Sometimes,,,,,,,,,,,,,,,,,,,,
792,Nymphicus,hollandicus,Male,High,5,High,Yes,Yes,4,5,12,Never,Sometimes,,,,,,,,,,,,,,,,,,,,
830,Nymphicus,hollandicus,Male,High,4,High,Yes,No,2,1,3,Never,Sometimes,,,,,,,,,,,,,,,,,,,,
478,Nymphicus,hollandicus,Female,Medium,2,Low,No,No,3,0,0,,Sometimes,,,,,,,,,,,,,,,,,,,,
566,Nymphicus,hollandicus,Male,Medium,2,High,No,,2,0,0,,Sometimes,,,,,,,,,,,,,,,,,,,,
18,Nymphicus,hollandicus,Male,Medium,7,Medium,No,No,3,0,0,Never,,,,,,,,,,,,,,,,,,,,,
11,Nymphicus,hollandicus,Male,Medium,10,Low,Yes,No,4,0,0,,,,,,,,,,,,,,,,,,,,,,
249,Nymphicus ,hollandicus,Male,Medium,2,Medium,Yes,Yes,3,6,14,Frequently,Frequently,,,,,,,,,,,,,,,,,,,,
735,Pionites,caique,Female,High,29,High,No,,5,4,13,Frequently,Sometimes,,,,,,,,,,,,,,,,,,,,
88,Pionites,caique,Male,Medium,25,Medium,No,No,6,10,10,Never,Sometimes,,,,,,,,,,,,,,,,,,,,
809,Pionites,leucogaster,Male,Medium,19,High,Yes,No,6,4,5,Sometimes,Frequently,,,,,,,,,,,,,,,,,,,,
814,Pionites,leucogaster,Male,Medium,19,High,Yes,No,6,4,5,Sometimes,Frequently,,,,,,,,,,,,,,,,,,,,
282,Pionites,leucogaster,Unknown,,,High,No,,4,6,13,Frequently,Frequently,,,,,,,,,,,,,,,,,,,,
326,Pionites,leucogaster,Male,Low,10,High,No,,15,3,8,Never,Sometimes,,,,,,,,,,,,,,,,,,,,
468,Pionites,leucogaster,Male,High,0.5,High,Yes,No,1,0,0,Never,Sometimes,,,,,,,,,,,,,,,,,,,,
751,Pionites,xanthomerius,Unknown,,21,High,No,,15,20,50,Frequently,Frequently,,,,,,,,,,,,,,,,,,,,
104,Pionites,xanthomerius,Male,High,3,High,No,,4,0,1,Sometimes,Never,,,,,,,,,,,,,,,,,,,,
717,Pionus,chalcopterus,Female,High,10,High,Yes,Yes,100,75,150,Frequently,Frequently,,,,,,,,,,,,,,,,,,,,
70,Pionus,chalcopterus,Female,High,7,,Yes,No,0,3,8,Never,Never,,,,,,,,,,,,,,,,,,,,
143,Pionus,maximiliani,Male,High,22,High,No,,3,9,17,Sometimes,Frequently,,,,,,,,,,,,,,,,,,,,
812,Pionus,maximiliani,Male,Low,22,Medium,Yes,Yes,2,5,12,Never,Frequently,,,,,,,,,,,,,,,,,,,,
872,Pionus,maximiliani,Female,High,5,High,Yes,No,1,2,2,Never,Frequently,,,,,,,,,,,,,,,,,,,,
424,Pionus,maximiliani,Female,High,7,High,No,No,1,0,0,Never,Never,,,,,,,,,,,,,,,,,,,,
815,Pionus,maximiliani,Female,Low,21,Medium,Yes,Yes,0,3,5,Never,Sometimes,,,,,,,,,,,,,,,,,,,,
568,Pionus,menstruus,Female,High,20,High,No,No,0,1,2,Never,Never,,,,,,,,,,,,,,,,,,,,
300,Pionus,menstruus,Female,High,1,Medium,No,,7,1,8,Sometimes,Sometimes,,,,,,,,,,,,,,,,,,,,
318,Pionus,menstruus,Male,High,3,High,No,,1,3,5,Never,Sometimes,,,,,,,,,,,,,,,,,,,,
852,Poicephalus,fuscicollis,Male,High,12,High,Yes,Yes,2,12,17,Sometimes,Sometimes,,,,,,,,,,,,,,,,,,,,
226,Poicephalus,gulielmi,Female,High,8,High,Yes,No,10,8,25,Sometimes,Sometimes,,,,,,,,,,,,,,,,,,,,
851,Poicephalus,gulielmi,Female,High,20,High,Yes,No,3,18,28,Sometimes,Sometimes,,,,,,,,,,,,,,,,,,,,
544,Poicephalus,meyeri,Male,High,12,High,No,No,2,1,6,Sometimes,Frequently,,,,,,,,,,,,,,,,,,,,
149,Poicephalus,meyeri,Male,High,12,High,No,,20,2,5,Never,Frequently,,,,,,,,,,,,,,,,,,,,
513,Poicephalus,meyeri,Male,High,17,High,Yes,No,6,1,3,Never,Frequently,,,,,,,,,,,,,,,,,,,,
853,Poicephalus,meyeri,Female,High,21,High,No,No,3,0,0,,Never,,,,,,,,,,,,,,,,,,,,
361,Poicephalus,meyeri,Female,High,27,High,No,,5,1,2,Never,Sometimes,,,,,,,,,,,,,,,,,,,,
273,Poicephalus,senegalus,Male,Medium,12,High,Yes,No,2,3,14,Sometimes,Frequently,,,,,,,,,,,,,,,,,,,,
677,Poicephalus,senegalus,Female,Medium,25,Medium,No,,11,15,25,Sometimes,Frequently,,,,,,,,,,,,,,,,,,,,
115,Poicephalus,senegalus,Male,High,11,Medium,Yes,No,13,14,20,Frequently,Frequently,,,,,,,,,,,,,,,,,,,,
136,Poicephalus,senegalus,Unknown,,5,High,No,,15,20,50,Frequently,Frequently,,,,,,,,,,,,,,,,,,,,
738,Poicephalus,senegalus,Male,High,12,High,No,Yes,60,40,6,Frequently,Frequently,,,,,,,,,,,,,,,,,,,,
762,Poicephalus,senegalus,Male,High,20,High,Yes,Yes,20,9,18,Frequently,Frequently,,,,,,,,,,,,,,,,,,,,
30,Poicephalus,senegalus,Female,High,19,Low,No,No,2,2,9,Never,Frequently,,,,,,,,,,,,,,,,,,,,
231,Poicephalus,senegalus,Male,High,17,High,Yes,No,4,5,13,Never,Frequently,,,,,,,,,,,,,,,,,,,,
262,Poicephalus,senegalus,Male,High,4,Medium,No,,6,0,6,Never,Frequently,,,,,,,,,,,,,,,,,,,,
436,Poicephalus,senegalus,Male,High,1,High,No,,6,3,4,Sometimes,Never,,,,,,,,,,,,,,,,,,,,
629,Poicephalus,senegalus,Male,High,21,High,No,,10,0,2,Never,Never,,,,,,,,,,,,,,,,,,,,
288,Poicephalus,senegalus,Female,Low,,,No,,15,4,4,Sometimes,Sometimes,,,,,,,,,,,,,,,,,,,,
421,Poicephalus,senegalus,Male,High,23,High,No,,0,25,40,Sometimes,Sometimes,,,,,,,,,,,,,,,,,,,,
529,Poicephalus,senegalus,Male,High,22,High,Yes,No,15,2,9,Frequently,Sometimes,,,,,,,,,,,,,,,,,,,,
91,Poicephalus,senegalus,Unknown,Low,20,High,No,,10,2,6,Never,Sometimes,,,,,,,,,,,,,,,,,,,,
140,Poicephalus,senegalus,Male,High,9,High,No,No,25,3,10,Never,Sometimes,,,,,,,,,,,,,,,,,,,,
414,Poicephalus,senegalus,Female,High,25,Low,Yes,No,3,0,6,Never,Sometimes,,,,,,,,,,,,,,,,,,,,
473,Poicephalus,senegalus,Male,Medium,7,High,Yes,No,12,0,5,Never,Sometimes,,,,,,,,,,,,,,,,,,,,
567,Poicephalus,senegalus,Male,Medium,31,Medium,Yes,Yes,0,1,3,Never,Sometimes,,,,,,,,,,,,,,,,,,,,
569,Poicephalus,senegalus,Male,Low,11,Medium,Yes,No,11,1,6,Never,Sometimes,,,,,,,,,,,,,,,,,,,,
828,Poicephalus,senegalus,Male,Low,13,High,No,,4,1,1,Never,Sometimes,,,,,,,,,,,,,,,,,,,,
895,Poicephalus ,rufiventris,Male,Low,8,Medium,Yes,No,1,1,8,Never,Frequently,,,,,,,,,,,,,,,,,,,,
834,Poicephalus ,senegalus,Male,Low,17,Medium,Yes,No,10,30,50,Sometimes,Frequently,,,,,,,,,,,,,,,,,,,,
827,Poicephalus ,senegalus,Male,High,19,Medium,Yes,Yes,6,4,7,Never,Never,,,,,,,,,,,,,,,,,,,,
633,Poinites,caique,Female,Medium,12,Medium,Yes,Yes,2,0,0,,Sometimes,,,,,,,,,,,,,,,,,,,,
537,Poinites,melanocephalus,Female,High,1.5,Medium,Yes,No,5,0,0,,Frequently,,,,,,,,,,,,,,,,,,,,
804,Poinites,melanocephalus,Male,High,10,High,Yes,No,51,10,15,Sometimes,Sometimes,,,,,,,,,,,,,,,,,,,,
616,Poinites,melanocephalus,Female,High,21,High,Yes,No,12,5,5,Never,Sometimes,,,,,,,,,,,,,,,,,,,,
647,Poinites,melanocephalus,Male,High,1,High,Yes,Yes,4,4,10,Never,Sometimes,,,,,,,,,,,,,,,,,,,,
727,Polytelis,alexandrae,Male,Medium,7.5,High,No,No,3,4,8,Frequently,Never,,,,,,,,,,,,,,,,,,,,
80,Polytelis,alexandrae,Male,Low,2,Low,Yes,Yes,15,3,7,Frequently,Sometimes,,,,,,,,,,,,,,,,,,,,
404,Polytelis,alexandrae,Male,Medium,6,High,Yes,Yes,8,4,11,Never,Sometimes,,,,,,,,,,,,,,,,,,,,
594,Polytelis,anthopeplus,Male,High,2,High,Yes,No,15,5,9,Frequently,Frequently,,,,,,,,,,,,,,,,,,,,
439,Primolius,auricollis,Male,High,20,High,Yes,No,7,1,4,Frequently,Frequently,,,,,,,,,,,,,,,,,,,,
512,Primolius,auricollis,Female,High,10,High,No,No,1,9,4,Sometimes,Sometimes,,,,,,,,,,,,,,,,,,,,
854,Primolius,auricollis,Male,High,19,High,Yes,No,0,6,7,Sometimes,Sometimes,,,,,,,,,,,,,,,,,,,,
187,Psittacara,finschi,Male,High,1,High,No,,10,14,6,Sometimes,Frequently,,,,,,,,,,,,,,,,,,,,
692,Psittacara,finschi,Unknown,,6,High,Yes,No,2,49,12,Sometimes,Frequently,,,,,,,,,,,,,,,,,,,,
45,Psittacara,finschi,Female,Low,21,Low,Yes,No,8,10,12,Never,Frequently,,,,,,,,,,,,,,,,,,,,
820,Psittacara,finschi,Female,High,40,High,Yes,Yes,0,5,20,Never,Frequently,,,,,,,,,,,,,,,,,,,,
175,Psittacara,finschi,Male,Low,29,Low,No,,5,4,5,Never,Never,,,,,,,,,,,,,,,,,,,,
122,Psittacara,finschi,Male,High,19,High,No,No,5,8,19,Sometimes,Sometimes,,,,,,,,,,,,,,,,,,,,
769,Psittacara,finschi,Female,High,10,High,Yes,No,20,6,12,Sometimes,Sometimes,,,,,,,,,,,,,,,,,,,,
845,Psittacara,finschi,Female,High,1,High,No,,5,1,7,Never,Sometimes,,,,,,,,,,,,,,,,,,,,
144,Psittacara,mitratus,Female,High,24,High,Yes,Yes,6,4,9,Never,Frequently,,,,,,,,,,,,,,,,,,,,
146,Psittacara,mitratus,Female,High,24,Low,Yes,Yes,10,3,7,Never,Sometimes,,,,,,,,,,,,,,,,,,,,
818,Psittacara,mitratus,Male,Low,10,Medium,No,,1,40,100,Never,Sometimes,,,,,,,,,,,,,,,,,,,,
704,Psittacula,derbiana,Male,Medium,12,Medium,No,,5,1,3,Sometimes,Sometimes,,,,,,,,,,,,,,,,,,,,
57,Psittacula,derbiana,Female,Medium,14,,No,,1,5,16,Never,Sometimes,,,,,,,,,,,,,,,,,,,,
442,Psittacula,krameri,Female,High,1,High,No,No,5,3,7,Frequently,Sometimes,,,,,,,,,,,,,,,,,,,,
227,Psittacula ,krameri,Male,Low,8,Medium,Yes,No,11,23,32,Sometimes,Frequently,,,,,,,,,,,,,,,,,,,,
651,Psittacula ,krameri,Female,High,3,High,Yes,Yes,2,5,15,Sometimes,Frequently,,,,,,,,,,,,,,,,,,,,
652,Psittacula ,krameri,Male,High,2,High,Yes,Yes,4,16,36,Sometimes,Frequently,,,,,,,,,,,,,,,,,,,,
113,Psittacula ,krameri,Male,High,1.5,High,No,,6,20,38,Frequently,Frequently,,,,,,,,,,,,,,,,,,,,
207,Psittacula ,krameri,Male,High,1,Low,Yes,No,3,6,15,Frequently,Frequently,,,,,,,,,,,,,,,,,,,,
224,Psittacula ,krameri,Male,High,3,High,No,,20,20,30,Frequently,Frequently,,,,,,,,,,,,,,,,,,,,
561,Psittacula ,krameri,Female,Medium,26,Low,No,No,3,9,75,Frequently,Frequently,,,,,,,,,,,,,,,,,,,,
813,Psittacula ,krameri,Male,Medium,2.5,High,Yes,Yes,9,5,22,Frequently,Frequently,,,,,,,,,,,,,,,,,,,,
279,Psittacula ,krameri,Male,High,2,High,Yes,Yes,2,3,13,Never,Frequently,,,,,,,,,,,,,,,,,,,,
448,Psittacula ,krameri,Male,Medium,,,Yes,Yes,10,50,150,Never,Frequently,,,,,,,,,,,,,,,,,,,,
541,Psittacula ,krameri,Male,Medium,3,High,No,No,6,12,31,Never,Frequently,,,,,,,,,,,,,,,,,,,,
595,Psittacula ,krameri,Unknown,,2.5,Low,Yes,No,3,1,5,Never,Frequently,,,,,,,,,,,,,,,,,,,,
831,Psittacula ,krameri,Male,Low,15,Medium,Yes,No,2,0,0,,Frequently,,,,,,,,,,,,,,,,,,,,
369,Psittacula ,krameri,Male,Medium,4,High,Yes,Yes,4,2,7,Sometimes,Never,,,,,,,,,,,,,,,,,,,,
409,Psittacula ,krameri,Male,Medium,8,High,Yes,No,4,6,10,Sometimes,Never,,,,,,,,,,,,,,,,,,,,
760,Psittacula ,krameri,Unknown,Low,6,High,No,,4,12,16,Sometimes,Never,,,,,,,,,,,,,,,,,,,,
251,Psittacula ,krameri,Male,Medium,9,High,Yes,Yes,6,18,40,Frequently,Never,,,,,,,,,,,,,,,,,,,,
371,Psittacula ,krameri,Male,High,4,High,Yes,Yes,3,1,1,Frequently,Never,,,,,,,,,,,,,,,,,,,,
283,Psittacula ,krameri,Male,Medium,5,Medium,Yes,Yes,5,0,0,Never,Never,,,,,,,,,,,,,,,,,,,,
342,Psittacula ,krameri,Male,Medium,2,High,Yes,No,0,5,12,Never,Never,,,,,,,,,,,,,,,,,,,,
419,Psittacula ,krameri,Female,High,2,High,Yes,No,0,1,1,Never,Never,,,,,,,,,,,,,,,,,,,,
640,Psittacula ,krameri,Female,Low,,,No,,3,1,1,Never,Never,,,,,,,,,,,,,,,,,,,,
839,Psittacula ,krameri,Male,High,2,High,Yes,No,0,12,6,Sometimes,Sometimes,,,,,,,,,,,,,,,,,,,,
407,Psittacula ,krameri,Male,Low,2,High,Yes,Yes,10,13,20,Frequently,Sometimes,,,,,,,,,,,,,,,,,,,,
284,Psittacula ,krameri,Female,Medium,2,High,Yes,Yes,2,0,0,Never,Sometimes,,,,,,,,,,,,,,,,,,,,
295,Psittacula ,krameri,Male,High,1,High,No,,2,6,3,Never,Sometimes,,,,,,,,,,,,,,,,,,,,
641,Psittacula ,krameri,Male,Low,2,Medium,No,,16,5,11,Never,Sometimes,,,,,,,,,,,,,,,,,,,,
403,Psittacula ,krameri,Female,High,,,No,No,5,0,0,,,,,,,,,,,,,,,,,,,,,,
29,Psittacus,erithacus,Male,High,16,Low,Yes,Yes,25,5,15,Sometimes,Frequently,,,,,,,,,,,,,,,,,,,,
34,Psittacus,erithacus,Female,Medium,,,Yes,Yes,15,10,20,Sometimes,Frequently,,,,,,,,,,,,,,,,,,,,
38,Psittacus,erithacus,Female,High,5,Low,No,No,20,32,160,Sometimes,Frequently,,,,,,,,,,,,,,,,,,,,
44,Psittacus,erithacus,Female,High,,,Yes,No,25,59,129,Sometimes,Frequently,,,,,,,,,,,,,,,,,,,,
60,Psittacus,erithacus,Female,High,13,Low,No,No,5,10,40,Sometimes,Frequently,,,,,,,,,,,,,,,,,,,,
86,Psittacus,erithacus,Male,High,15,Medium,Yes,No,8,15,33,Sometimes,Frequently,,,,,,,,,,,,,,,,,,,,
109,Psittacus,erithacus,Female,High,3,High,Yes,No,10,34,64,Sometimes,Frequently,,,,,,,,,,,,,,,,,,,,
116,Psittacus,erithacus,Female,High,13,High,Yes,Yes,5,10,30,Sometimes,Frequently,,,,,,,,,,,,,,,,,,,,
118,Psittacus,erithacus,Male,Low,18,High,Yes,Yes,20,50,100,Sometimes,Frequently,,,,,,,,,,,,,,,,,,,,
159,Psittacus,erithacus,Female,Medium,15,Medium,No,,30,20,50,Sometimes,Frequently,,,,,,,,,,,,,,,,,,,,
190,Psittacus,erithacus,Male,High,29,High,Yes,No,18,6,16,Sometimes,Frequently,,,,,,,,,,,,,,,,,,,,
218,Psittacus,erithacus,Male,High,11,High,Yes,No,25,12,50,Sometimes,Frequently,,,,,,,,,,,,,,,,,,,,
233,Psittacus,erithacus,Male,High,5,High,No,,15,20,100,Sometimes,Frequently,,,,,,,,,,,,,,,,,,,,
268,Psittacus,erithacus,Male,Low,16,Medium,Yes,No,30,3,5,Sometimes,Frequently,,,,,,,,,,,,,,,,,,,,
332,Psittacus,erithacus,Male,High,14,High,No,,9,6,5,Sometimes,Frequently,,,,,,,,,,,,,,,,,,,,
393,Psittacus,erithacus,Female,High,21,Medium,Yes,No,15,20,80,Sometimes,Frequently,,,,,,,,,,,,,,,,,,,,
415,Psittacus,erithacus,Female,High,9,High,Yes,Yes,10,6,10,Sometimes,Frequently,,,,,,,,,,,,,,,,,,,,
416,Psittacus,erithacus,Female,High,6,High,Yes,No,25,8,30,Sometimes,Frequently,,,,,,,,,,,,,,,,,,,,
418,Psittacus,erithacus,Male,High,4,High,Yes,No,19,14,41,Sometimes,Frequently,,,,,,,,,,,,,,,,,,,,
427,Psittacus,erithacus,Female,High,24,Medium,No,,50,10,20,Sometimes,Frequently,,,,,,,,,,,,,,,,,,,,
435,Psittacus,erithacus,Male,High,8,High,No,,9,5,7,Sometimes,Frequently,,,,,,,,,,,,,,,,,,,,
453,Psittacus,erithacus,Female,Low,,,No,No,12,8,25,Sometimes,Frequently,,,,,,,,,,,,,,,,,,,,
454,Psittacus,erithacus,Male,High,11,High,Yes,Yes,6,11,25,Sometimes,Frequently,,,,,,,,,,,,,,,,,,,,
459,Psittacus,erithacus,Male,Low,28,High,Yes,No,5,10,50,Sometimes,Frequently,,,,,,,,,,,,,,,,,,,,
463,Psittacus,erithacus,Female,High,16,High,Yes,No,20,12,10,Sometimes,Frequently,,,,,,,,,,,,,,,,,,,,
486,Psittacus,erithacus,Female,High,25,High,No,No,15,100,200,Sometimes,Frequently,,,,,,,,,,,,,,,,,,,,
488,Psittacus,erithacus,Male,High,4,High,Yes,No,30,20,150,Sometimes,Frequently,,,,,,,,,,,,,,,,,,,,
494,Psittacus,erithacus,Male,Medium,15,Medium,Yes,No,15,5,25,Sometimes,Frequently,,,,,,,,,,,,,,,,,,,,
498,Psittacus,erithacus,Female,High,15,Medium,Yes,No,30,75,100,Sometimes,Frequently,,,,,,,,,,,,,,,,,,,,
500,Psittacus,erithacus,Unknown,N/A,16,High,Yes,No,26,30,54,Sometimes,Frequently,,,,,,,,,,,,,,,,,,,,
507,Psittacus,erithacus,Male,Low,11,High,Yes,Yes,10,20,50,Sometimes,Frequently,,,,,,,,,,,,,,,,,,,,
520,Psittacus,erithacus,Male,High,14,High,Yes,Yes,12,24,100,Sometimes,Frequently,,,,,,,,,,,,,,,,,,,,
531,Psittacus,erithacus,Female,High,23,Medium,Yes,No,15,10,40,Sometimes,Frequently,,,,,,,,,,,,,,,,,,,,
533,Psittacus,erithacus,Female,High,24,Medium,Yes,Yes,20,5,20,Sometimes,Frequently,,,,,,,,,,,,,,,,,,,,
548,Psittacus,erithacus,Female,Medium,7,Medium,No,No,20,10,50,Sometimes,Frequently,,,,,,,,,,,,,,,,,,,,
572,Psittacus,erithacus,Female,High,9,High,Yes,Yes,50,3,8,Sometimes,Frequently,,,,,,,,,,,,,,,,,,,,
593,Psittacus,erithacus,Female,High,16,High,Yes,No,100,50,100,Sometimes,Frequently,,,,,,,,,,,,,,,,,,,,
601,Psittacus,erithacus,Male,High,10,Medium,Yes,No,15,12,31,Sometimes,Frequently,,,,,,,,,,,,,,,,,,,,
648,Psittacus,erithacus,Female,High,24,Medium,No,No,10,7,15,Sometimes,Frequently,,,,,,,,,,,,,,,,,,,,
669,Psittacus,erithacus,Female,High,21,High,No,No,10,5,4,Sometimes,Frequently,,,,,,,,,,,,,,,,,,,,
690,Psittacus,erithacus,Unknown,Low,20,Medium,No,No,20,15,3,Sometimes,Frequently,,,,,,,,,,,,,,,,,,,,
714,Psittacus,erithacus,Male,High,25,Medium,Yes,No,20,8,6,Sometimes,Frequently,,,,,,,,,,,,,,,,,,,,
744,Psittacus,erithacus,Female,High,8,High,Yes,No,15,0,5,Sometimes,Frequently,,,,,,,,,,,,,,,,,,,,
763,Psittacus,erithacus,Male,High,27,High,Yes,No,3,18,28,Sometimes,Frequently,,,,,,,,,,,,,,,,,,,,
764,Psittacus,erithacus,Male,Low,25,Medium,No,,10,10,30,Sometimes,Frequently,,,,,,,,,,,,,,,,,,,,
771,Psittacus,erithacus,Male,Medium,25,Medium,Yes,No,12,25,45,Sometimes,Frequently,,,,,,,,,,,,,,,,,,,,
780,Psittacus,erithacus,Female,High,3,High,No,No,23,17,53,Sometimes,Frequently,,,,,,,,,,,,,,,,,,,,
786,Psittacus,erithacus,Female,High,22,Medium,No,,7,10,40,Sometimes,Frequently,,,,,,,,,,,,,,,,,,,,
788,Psittacus,erithacus,Male,High,3,High,Yes,No,25,20,42,Sometimes,Frequently,,,,,,,,,,,,,,,,,,,,
793,Psittacus,erithacus,Male,Low,45,Low,Yes,No,8,12,63,Sometimes,Frequently,,,,,,,,,,,,,,,,,,,,
795,Psittacus,erithacus,Female,Medium,50,Medium,Yes,Yes,10,5,15,Sometimes,Frequently,,,,,,,,,,,,,,,,,,,,
822,Psittacus,erithacus,Female,High,44,Low,No,,12,50,125,Sometimes,Frequently,,,,,,,,,,,,,,,,,,,,
849,Psittacus,erithacus,Female,High,22,High,Yes,Yes,15,25,50,Sometimes,Frequently,,,,,,,,,,,,,,,,,,,,
861,Psittacus,erithacus,Male,High,3,High,No,,12,12,36,Sometimes,Frequently,,,,,,,,,,,,,,,,,,,,
22,Psittacus,erithacus,Male,High,18,Low,Yes,No,150,50,400,Frequently,Frequently,,,,,,,,,,,,,,,,,,,,
43,Psittacus,erithacus,Female,High,13,Low,No,No,10,25,100,Frequently,Frequently,,,,,,,,,,,,,,,,,,,,
67,Psittacus,erithacus,Female,High,17,Low,Yes,No,22,11,56,Frequently,Frequently,,,,,,,,,,,,,,,,,,,,
76,Psittacus,erithacus,Female,High,3,Low,Yes,No,25,50,25,Frequently,Frequently,,,,,,,,,,,,,,,,,,,,
82,Psittacus,erithacus,Male,High,4,,Yes,Yes,2,60,180,Frequently,Frequently,,,,,,,,,,,,,,,,,,,,
95,Psittacus,erithacus,Female,Medium,,Low,Yes,Yes,150,70,150,Frequently,Frequently,,,,,,,,,,,,,,,,,,,,
114,Psittacus,erithacus,Male,High,18,High,Yes,Yes,8,20,100,Frequently,Frequently,,,,,,,,,,,,,,,,,,,,
121,Psittacus,erithacus,Female,High,33,High,Yes,,23,15,50,Frequently,Frequently,,,,,,,,,,,,,,,,,,,,
132,Psittacus,erithacus,Female,Low,8,High,No,Yes,5,30,200,Frequently,Frequently,,,,,,,,,,,,,,,,,,,,
133,Psittacus,erithacus,Unknown,,35,Medium,No,,12,500,400,Frequently,Frequently,,,,,,,,,,,,,,,,,,,,
147,Psittacus,erithacus,Female,High,10,Medium,Yes,Yes,26,8,17,Frequently,Frequently,,,,,,,,,,,,,,,,,,,,
148,Psittacus,erithacus,Female,High,5,High,No,,50,25,75,Frequently,Frequently,,,,,,,,,,,,,,,,,,,,
154,Psittacus,erithacus,Male,High,8,High,Yes,Yes,9,11,15,Frequently,Frequently,,,,,,,,,,,,,,,,,,,,
182,Psittacus,erithacus,Male,Medium,20,Medium,Yes,No,10,100,300,Frequently,Frequently,,,,,,,,,,,,,,,,,,,,
186,Psittacus,erithacus,Female,Medium,10,Low,Yes,No,15,25,50,Frequently,Frequently,,,,,,,,,,,,,,,,,,,,
217,Psittacus,erithacus,Male,High,15,Medium,Yes,Yes,50,50,100,Frequently,Frequently,,,,,,,,,,,,,,,,,,,,
236,Psittacus,erithacus,Female,High,12,High,No,,13,18,45,Frequently,Frequently,,,,,,,,,,,,,,,,,,,,
253,Psittacus,erithacus,Female,High,10,Medium,Yes,No,10,50,100,Frequently,Frequently,,,,,,,,,,,,,,,,,,,,
257,Psittacus,erithacus,Female,High,18,High,Yes,No,20,100,550,Frequently,Frequently,,,,,,,,,,,,,,,,,,,,
267,Psittacus,erithacus,Unknown,,3,High,No,,10,30,100,Frequently,Frequently,,,,,,,,,,,,,,,,,,,,
293,Psittacus,erithacus,Female,High,1,Medium,Yes,No,6,4,5,Frequently,Frequently,,,,,,,,,,,,,,,,,,,,
296,Psittacus,erithacus,Female,Medium,30,Medium,No,,15,50,75,Frequently,Frequently,,,,,,,,,,,,,,,,,,,,
312,Psittacus,erithacus,Male,High,7,High,No,,25,150,250,Frequently,Frequently,,,,,,,,,,,,,,,,,,,,
316,Psittacus,erithacus,Male,Low,8,Medium,Yes,No,50,12,21,Frequently,Frequently,,,,,,,,,,,,,,,,,,,,
329,Psittacus,erithacus,Female,High,20,High,Yes,No,5,100,100,Frequently,Frequently,,,,,,,,,,,,,,,,,,,,
338,Psittacus,erithacus,Female,High,23,High,No,,25,25,100,Frequently,Frequently,,,,,,,,,,,,,,,,,,,,
408,Psittacus,erithacus,Female,High,32,Medium,Yes,Yes,10,10,10,Frequently,Frequently,,,,,,,,,,,,,,,,,,,,
411,Psittacus,erithacus,Male,High,3,High,No,,25,25,100,Frequently,Frequently,,,,,,,,,,,,,,,,,,,,
445,Psittacus,erithacus,Male,High,7,Medium,No,No,35,3,26,Frequently,Frequently,,,,,,,,,,,,,,,,,,,,
449,Psittacus,erithacus,Male,Medium,27,Low,Yes,No,30,25,50,Frequently,Frequently,,,,,,,,,,,,,,,,,,,,
458,Psittacus,erithacus,Male,High,7,High,No,No,25,7,6,Frequently,Frequently,,,,,,,,,,,,,,,,,,,,
460,Psittacus,erithacus,Male,Medium,18,Medium,Yes,Yes,20,25,5,Frequently,Frequently,,,,,,,,,,,,,,,,,,,,
469,Psittacus,erithacus,Male,Low,18,Medium,Yes,No,50,20,100,Frequently,Frequently,,,,,,,,,,,,,,,,,,,,
474,Psittacus,erithacus,Male,High,18,Medium,Yes,Yes,8,22,140,Frequently,Frequently,,,,,,,,,,,,,,,,,,,,
479,Psittacus,erithacus,Male,Medium,29,High,No,No,40,25,50,Frequently,Frequently,,,,,,,,,,,,,,,,,,,,
481,Psittacus,erithacus,Male,Low,17,Medium,Yes,Yes,7,55,65,Frequently,Frequently,,,,,,,,,,,,,,,,,,,,
482,Psittacus,erithacus,Male,Medium,29,High,No,No,40,25,50,Frequently,Frequently,,,,,,,,,,,,,,,,,,,,
492,Psittacus,erithacus,Female,High,5,High,Yes,Yes,30,5,15,Frequently,Frequently,,,,,,,,,,,,,,,,,,,,
495,Psittacus,erithacus,Unknown,,,Medium,Yes,No,10,13,35,Frequently,Frequently,,,,,,,,,,,,,,,,,,,,
528,Psittacus,erithacus,Female,Medium,14,High,No,,2,16,55,Frequently,Frequently,,,,,,,,,,,,,,,,,,,,
530,Psittacus,erithacus,Male,High,16,Low,Yes,Yes,15,50,100,Frequently,Frequently,,,,,,,,,,,,,,,,,,,,
534,Psittacus,erithacus,Male,High,17,High,Yes,No,17,35,45,Frequently,Frequently,,,,,,,,,,,,,,,,,,,,
554,Psittacus,erithacus,Male,High,14,High,No,No,20,50,200,Frequently,Frequently,,,,,,,,,,,,,,,,,,,,
588,Psittacus,erithacus,Male,High,3,High,Yes,No,15,7,8,Frequently,Frequently,,,,,,,,,,,,,,,,,,,,
615,Psittacus,erithacus,Female,High,24,Low,Yes,Yes,20,30,65,Frequently,Frequently,,,,,,,,,,,,,,,,,,,,
676,Psittacus,erithacus,Female,High,28,Medium,Yes,No,25,30,60,Frequently,Frequently,,,,,,,,,,,,,,,,,,,,
691,Psittacus,erithacus,Male,High,10,High,Yes,No,8,10,30,Frequently,Frequently,,,,,,,,,,,,,,,,,,,,
773,Psittacus,erithacus,Female,Low,7,Medium,Yes,Yes,32,8,22,Frequently,Frequently,,,,,,,,,,,,,,,,,,,,
774,Psittacus,erithacus,Male,Medium,26,High,Yes,No,10,6,25,Frequently,Frequently,,,,,,,,,,,,,,,,,,,,
775,Psittacus,erithacus,Female,High,14,High,No,No,10,20,100,Frequently,Frequently,,,,,,,,,,,,,,,,,,,,
777,Psittacus,erithacus,Unknown,Low,10,High,No,No,10,10,4,Frequently,Frequently,,,,,,,,,,,,,,,,,,,,
797,Psittacus,erithacus,Female,High,27,Medium,Yes,No,9,0,4,Frequently,Frequently,,,,,,,,,,,,,,,,,,,,
803,Psittacus,erithacus,Male,High,15,Low,Yes,No,100,30,50,Frequently,Frequently,,,,,,,,,,,,,,,,,,,,
843,Psittacus,erithacus,Female,Medium,11,Medium,Yes,No,13,33,60,Frequently,Frequently,,,,,,,,,,,,,,,,,,,,
863,Psittacus,erithacus,Male,Medium,23,Medium,Yes,Yes,14,50,85,Frequently,Frequently,,,,,,,,,,,,,,,,,,,,
866,Psittacus,erithacus,Unknown,,30,High,No,No,10,150,150,Frequently,Frequently,,,,,,,,,,,,,,,,,,,,
874,Psittacus,erithacus,Male,Medium,21,Medium,Yes,Yes,15,7,50,Frequently,Frequently,,,,,,,,,,,,,,,,,,,,
882,Psittacus,erithacus,Female,High,14,Medium,Yes,No,6,10,40,Frequently,Frequently,,,,,,,,,,,,,,,,,,,,
314,Psittacus,erithacus,Male,High,2,High,Yes,No,5,7,22,Never,Frequently,,,,,,,,,,,,,,,,,,,,
323,Psittacus,erithacus,Unknown,,28,High,No,,11,5,5,Never,Frequently,,,,,,,,,,,,,,,,,,,,
327,Psittacus,erithacus,Unknown,Low,16,Medium,No,,12,5,7,Never,Frequently,,,,,,,,,,,,,,,,,,,,
475,Psittacus,erithacus,Male,High,20,High,Yes,Yes,17,22,120,Never,Frequently,,,,,,,,,,,,,,,,,,,,
497,Psittacus,erithacus,Male,High,3,High,Yes,No,20,5,14,Never,Frequently,,,,,,,,,,,,,,,,,,,,
565,Psittacus,erithacus,Unknown,,36,Medium,No,,7,4,8,Never,Frequently,,,,,,,,,,,,,,,,,,,,
602,Psittacus,erithacus,Male,High,10,High,Yes,No,8,1,1,Never,Frequently,,,,,,,,,,,,,,,,,,,,
638,Psittacus,erithacus,Female,High,1,High,No,,5,9,12,Never,Frequently,,,,,,,,,,,,,,,,,,,,
664,Psittacus,erithacus,Unknown,,7,High,Yes,No,5,13,25,Never,Frequently,,,,,,,,,,,,,,,,,,,,
850,Psittacus,erithacus,Male,High,25,Medium,No,,10,7,27,Never,Frequently,,,,,,,,,,,,,,,,,,,,
211,Psittacus,erithacus,Male,Low,1,High,Yes,Yes,5,6,15,Sometimes,Never,,,,,,,,,,,,,,,,,,,,
768,Psittacus,erithacus,Unknown,Low,1.4,High,No,No,5,3,5,Sometimes,Never,,,,,,,,,,,,,,,,,,,,
611,Psittacus,erithacus,Female,High,22,Medium,No,No,5,0,0,Never,Never,,,,,,,,,,,,,,,,,,,,
702,Psittacus,erithacus,Female,Low,15,Medium,No,No,3,0,0,Never,Never,,,,,,,,,,,,,,,,,,,,
55,Psittacus,erithacus,Male,Low,,,Yes,No,2,4,6,Sometimes,Sometimes,,,,,,,,,,,,,,,,,,,,
97,Psittacus,erithacus,Unknown,,,Medium,Yes,Yes,20,6,10,Sometimes,Sometimes,,,,,,,,,,,,,,,,,,,,
135,Psittacus,erithacus,Male,High,5,High,Yes,No,12,8,30,Sometimes,Sometimes,,,,,,,,,,,,,,,,,,,,
220,Psittacus,erithacus,Female,High,14,Low,No,No,8,10,25,Sometimes,Sometimes,,,,,,,,,,,,,,,,,,,,
301,Psittacus,erithacus,Female,High,17,Medium,No,,23,18,45,Sometimes,Sometimes,,,,,,,,,,,,,,,,,,,,
348,Psittacus,erithacus,Male,Medium,35,Low,No,No,30,30,10,Sometimes,Sometimes,,,,,,,,,,,,,,,,,,,,
367,Psittacus,erithacus,Unknown,,15,Medium,Yes,No,15,4,12,Sometimes,Sometimes,,,,,,,,,,,,,,,,,,,,
452,Psittacus,erithacus,Female,Medium,20,Medium,No,No,17,3,9,Sometimes,Sometimes,,,,,,,,,,,,,,,,,,,,
547,Psittacus,erithacus,Male,Low,26,Medium,No,No,12,5,17,Sometimes,Sometimes,,,,,,,,,,,,,,,,,,,,
579,Psittacus,erithacus,Female,Low,1,High,No,No,20,3,7,Sometimes,Sometimes,,,,,,,,,,,,,,,,,,,,
584,Psittacus,erithacus,Female,Medium,10,Medium,Yes,No,4,10,25,Sometimes,Sometimes,,,,,,,,,,,,,,,,,,,,
663,Psittacus,erithacus,Female,High,1,High,No,No,1,5,10,Sometimes,Sometimes,,,,,,,,,,,,,,,,,,,,
681,Psittacus,erithacus,Female,Medium,5,Low,Yes,No,0,4,10,Sometimes,Sometimes,,,,,,,,,,,,,,,,,,,,
733,Psittacus,erithacus,Unknown,,5,Medium,No,No,0,6,3,Sometimes,Sometimes,,,,,,,,,,,,,,,,,,,,
742,Psittacus,erithacus,Male,High,11,High,No,No,4,1,4,Sometimes,Sometimes,,,,,,,,,,,,,,,,,,,,
756,Psittacus,erithacus,Male,High,2.8,High,Yes,Yes,25,15,40,Sometimes,Sometimes,,,,,,,,,,,,,,,,,,,,
765,Psittacus,erithacus,Male,Low,2,High,No,,5,6,12,Sometimes,Sometimes,,,,,,,,,,,,,,,,,,,,
781,Psittacus,erithacus,Male,High,37,Medium,Yes,Yes,10,4,25,Sometimes,Sometimes,,,,,,,,,,,,,,,,,,,,
796,Psittacus,erithacus,Female,High,25,Medium,Yes,Yes,5,7,20,Sometimes,Sometimes,,,,,,,,,,,,,,,,,,,,
799,Psittacus,erithacus,Female,High,40,Medium,No,Yes,30,45,4,Sometimes,Sometimes,,,,,,,,,,,,,,,,,,,,
802,Psittacus,erithacus,Male,High,26,Medium,No,,3,4,12,Sometimes,Sometimes,,,,,,,,,,,,,,,,,,,,
819,Psittacus,erithacus,Male,Low,31,High,No,No,25,3,20,Sometimes,Sometimes,,,,,,,,,,,,,,,,,,,,
168,Psittacus,erithacus,Female,High,32,High,Yes,Yes,8,12,19,Frequently,Sometimes,,,,,,,,,,,,,,,,,,,,
508,Psittacus,erithacus,Female,High,6,High,Yes,No,15,1,6,Frequently,Sometimes,,,,,,,,,,,,,,,,,,,,
639,Psittacus,erithacus,Unknown,,1.7,High,Yes,No,15,7,8,Frequently,Sometimes,,,,,,,,,,,,,,,,,,,,
685,Psittacus,erithacus,Female,High,,Medium,Yes,No,200,50,300,Frequently,Sometimes,,,,,,,,,,,,,,,,,,,,
723,Psittacus,erithacus,Male,Low,8,Medium,No,No,15,10,8,Frequently,Sometimes,,,,,,,,,,,,,,,,,,,,
859,Psittacus,erithacus,Male,High,13.5,High,No,,50,100,300,Frequently,Sometimes,,,,,,,,,,,,,,,,,,,,
117,Psittacus,erithacus,Male,Low,19,Medium,Yes,Yes,4,1,3,Never,Sometimes,,,,,,,,,,,,,,,,,,,,
328,Psittacus,erithacus,Unknown,Low,,,No,,22,17,15,Never,Sometimes,,,,,,,,,,,,,,,,,,,,
412,Psittacus,erithacus,Male,Medium,26,Medium,Yes,No,200,4,10,Never,Sometimes,,,,,,,,,,,,,,,,,,,,
472,Psittacus,erithacus,Male,Low,41,Low,No,,10,4,9,Never,Sometimes,,,,,,,,,,,,,,,,,,,,
540,Psittacus,erithacus,Female,Low,3,High,No,No,42,9,27,Never,Sometimes,,,,,,,,,,,,,,,,,,,,
558,Psittacus,erithacus,Unknown,,25,High,Yes,No,2,1,1,Never,Sometimes,,,,,,,,,,,,,,,,,,,,
587,Psittacus,erithacus,Male,High,6,High,No,,40,4,10,Never,Sometimes,,,,,,,,,,,,,,,,,,,,
592,Psittacus,erithacus,Male,High,1,High,Yes,Yes,10,0,5,Never,Sometimes,,,,,,,,,,,,,,,,,,,,
600,Psittacus,erithacus,Unknown,,25,High,Yes,No,2,1,1,Never,Sometimes,,,,,,,,,,,,,,,,,,,,
707,Psittacus,erithacus,Female,High,45,Medium,Yes,Yes,10,12,15,Never,Sometimes,,,,,,,,,,,,,,,,,,,,
761,Psittacus,erithacus,Male,Medium,3,High,Yes,Yes,1,3,12,Never,Sometimes,,,,,,,,,,,,,,,,,,,,
821,Psittacus,erithacus,Male,High,18,High,Yes,Yes,3,1,4,Never,Sometimes,,,,,,,,,,,,,,,,,,,,
860,Psittacus,erithacus,Male,Medium,31,Medium,No,No,12,6,8,Never,Sometimes,,,,,,,,,,,,,,,,,,,,
877,Psittacus,erithacus,Male,High,8,High,Yes,No,5,3,5,Never,Sometimes,,,,,,,,,,,,,,,,,,,,
200,Psittacus,erithacus,Male,Medium,0.5,High,No,,1,0,2,,Sometimes,,,,,,,,,,,,,,,,,,,,
16,Psittacus,erithacus,Male,High,17,,,,36,47,371,Sometimes,,,,,,,,,,,,,,,,,,,,,
17,Psittacus,erithacus,Female,Medium,23,Medium,Yes,No,40,20,80,Sometimes,,,,,,,,,,,,,,,,,,,,,
184,Psittacus,erithacus,Male,Medium,47,Medium,No,,4,0,0,,,,,,,,,,,,,,,,,,,,,,
235,Psittacus,erithacus,Male,Low,33,High,No,,3,19,49,Sometimes,Frequently,,,,,,,,,,,,,,,,,,,,
789,Psittacus,erithacus,Female,High,29,High,No,,60,20,100,Sometimes,Frequently,,,,,,,,,,,,,,,,,,,,
862,Psittacus,erithacus,Male,High,18,Medium,Yes,No,75,65,120,Sometimes,Frequently,,,,,,,,,,,,,,,,,,,,
896,Psittacus,erithacus,Female,High,21,High,Yes,Yes,9,3,8,Sometimes,Frequently,,,,,,,,,,,,,,,,,,,,
759,Psittacus,erithacus,Unknown,,24,High,No,,25,75,200,Frequently,Frequently,,,,,,,,,,,,,,,,,,,,
855,Psittacus,erithacus,Male,Low,13,High,No,,10,20,30,Frequently,Frequently,,,,,,,,,,,,,,,,,,,,
878,Psittacus,erithacus,Male,Low,12,Medium,No,,6,5,16,Frequently,Frequently,,,,,,,,,,,,,,,,,,,,
897,Psittacus,erithacus,Female,High,16,Medium,Yes,Yes,15,55,250,Frequently,Frequently,,,,,,,,,,,,,,,,,,,,
898,Psittacus,erithacus,Male,High,24,High,Yes,Yes,50,200,350,Frequently,Frequently,,,,,,,,,,,,,,,,,,,,
125,Psittacus,erithacus,Female,High,9.5,High,Yes,No,100,0,0,Never,Frequently,,,,,,,,,,,,,,,,,,,,
237,Psittacus,erithacus,Unknown,,29,High,Yes,No,4,5,20,Never,Frequently,,,,,,,,,,,,,,,,,,,,
112,Psittacus,erithacus,Male,High,9,High,Yes,No,12,6,20,Sometimes,Sometimes,,,,,,,,,,,,,,,,,,,,
138,Psittacus,erithacus,Female,High,10,High,No,,11,20,60,Sometimes,Sometimes,,,,,,,,,,,,,,,,,,,,
886,Psittacus,erithacus,Unknown,,42,Medium,Yes,No,7,2,10,Sometimes,Sometimes,,,,,,,,,,,,,,,,,,,,
894,Psittacus,erithacus,Female,High,23,High,No,,4,20,46,Sometimes,Sometimes,,,,,,,,,,,,,,,,,,,,
119,Pyrrhura,frontalis,Male,Low,1.5,High,Yes,No,9,5,10,Sometimes,Frequently,,,,,,,,,,,,,,,,,,,,
324,Pyrrhura,frontalis,Female,Low,2,High,Yes,Yes,4,2,7,Sometimes,Frequently,,,,,,,,,,,,,,,,,,,,
766,Pyrrhura,frontalis,Male,Low,4.5,Medium,Yes,Yes,3,3,8,Sometimes,Sometimes,,,,,,,,,,,,,,,,,,,,
129,Pyrrhura,molinae,Male,High,2,High,Yes,Yes,1,4,6,Sometimes,Frequently,,,,,,,,,,,,,,,,,,,,
189,Pyrrhura,molinae,Male,High,,,No,,5,14,14,Sometimes,Frequently,,,,,,,,,,,,,,,,,,,,
204,Pyrrhura,molinae,Female,High,1,High,Yes,No,2,1,2,Sometimes,Frequently,,,,,,,,,,,,,,,,,,,,
266,Pyrrhura,molinae,Male,High,0,High,No,,2,4,7,Sometimes,Frequently,,,,,,,,,,,,,,,,,,,,
350,Pyrrhura,molinae,Female,High,8,High,No,,2,5,11,Sometimes,Frequently,,,,,,,,,,,,,,,,,,,,
375,Pyrrhura,molinae,Unknown,,,,No,,4,1,4,Sometimes,Frequently,,,,,,,,,,,,,,,,,,,,
455,Pyrrhura,molinae,Male,High,6,High,No,No,3,7,16,Sometimes,Frequently,,,,,,,,,,,,,,,,,,,,
487,Pyrrhura,molinae,Male,High,7,High,No,,3,12,27,Sometimes,Frequently,,,,,,,,,,,,,,,,,,,,
583,Pyrrhura,molinae,Male,High,1,High,No,,3,4,19,Sometimes,Frequently,,,,,,,,,,,,,,,,,,,,
697,Pyrrhura,molinae,Unknown,Low,5,Low,Yes,No,7,7,18,Sometimes,Frequently,,,,,,,,,,,,,,,,,,,,
784,Pyrrhura,molinae,Male,High,4,Medium,No,,0,3,5,Sometimes,Frequently,,,,,,,,,,,,,,,,,,,,
848,Pyrrhura,molinae,Male,Low,11,High,Yes,Yes,5,2,8,Sometimes,Frequently,,,,,,,,,,,,,,,,,,,,
50,Pyrrhura,molinae,Male,High,12,Low,Yes,No,4,17,51,Frequently,Frequently,,,,,,,,,,,,,,,,,,,,
287,Pyrrhura,molinae,Male,High,12,High,Yes,No,6,13,20,Frequently,Frequently,,,,,,,,,,,,,,,,,,,,
413,Pyrrhura,molinae,Male,High,,High,Yes,No,12,3,10,Frequently,Frequently,,,,,,,,,,,,,,,,,,,,
422,Pyrrhura,molinae,Male,High,8,High,Yes,Yes,4,6,15,Frequently,Frequently,,,,,,,,,,,,,,,,,,,,
425,Pyrrhura,molinae,Female,High,4,High,Yes,No,4,6,21,Frequently,Frequently,,,,,,,,,,,,,,,,,,,,
687,Pyrrhura,molinae,Female,High,5,High,Yes,No,9,12,50,Frequently,Frequently,,,,,,,,,,,,,,,,,,,,
19,Pyrrhura,molinae,Female,High,6.5,Low,Yes,No,2,6,11,Never,Frequently,,,,,,,,,,,,,,,,,,,,
20,Pyrrhura,molinae,Male,Medium,13,Low,Yes,Yes,2,0,1,Never,Frequently,,,,,,,,,,,,,,,,,,,,
24,Pyrrhura,molinae,Female,Low,12,Low,Yes,Yes,0,2,3,Never,Frequently,,,,,,,,,,,,,,,,,,,,
90,Pyrrhura,molinae,Male,High,3,High,No,,2,0,4,Never,Frequently,,,,,,,,,,,,,,,,,,,,
185,Pyrrhura,molinae,Male,High,7,High,No,,6,1,0,Never,Frequently,,,,,,,,,,,,,,,,,,,,
221,Pyrrhura,molinae,Male,Low,1,Low,Yes,Yes,4,1,2,Never,Frequently,,,,,,,,,,,,,,,,,,,,
289,Pyrrhura,molinae,Male,High,4,High,Yes,No,3,3,9,Never,Frequently,,,,,,,,,,,,,,,,,,,,
345,Pyrrhura,molinae,Male,High,10,High,No,,17,0,0,Never,Frequently,,,,,,,,,,,,,,,,,,,,
402,Pyrrhura,molinae,Female,High,0.8,High,No,,1,0,2,Never,Frequently,,,,,,,,,,,,,,,,,,,,
527,Pyrrhura,molinae,Male,High,9,High,No,No,3,9,16,Never,Frequently,,,,,,,,,,,,,,,,,,,,
543,Pyrrhura,molinae,Female,Low,,Medium,No,No,3,3,3,Never,Frequently,,,,,,,,,,,,,,,,,,,,
630,Pyrrhura,molinae,Male,High,2,High,No,,4,17,36,Never,Frequently,,,,,,,,,,,,,,,,,,,,
671,Pyrrhura,molinae,Male,High,10,High,No,,11,15,26,Never,Frequently,,,,,,,,,,,,,,,,,,,,
718,Pyrrhura,molinae,Male,High,2.5,High,No,No,2,0,4,Never,Frequently,,,,,,,,,,,,,,,,,,,,
829,Pyrrhura,molinae,Female,High,3,High,Yes,Yes,0,0,0,Never,Frequently,,,,,,,,,,,,,,,,,,,,
36,Pyrrhura,molinae,Female,High,5,Low,No,No,2,3,10,Sometimes,Never,,,,,,,,,,,,,,,,,,,,
71,Pyrrhura,molinae,Male,High,4,,No,No,1,7,16,Sometimes,Never,,,,,,,,,,,,,,,,,,,,
506,Pyrrhura,molinae,Male,High,5,Medium,Yes,Yes,3,4,8,Sometimes,Never,,,,,,,,,,,,,,,,,,,,
589,Pyrrhura,molinae,Male,High,15,High,Yes,No,4,10,22,Sometimes,Never,,,,,,,,,,,,,,,,,,,,
201,Pyrrhura,molinae,Unknown,Low,5.5,High,No,,1,1,2,Frequently,Never,,,,,,,,,,,,,,,,,,,,
245,Pyrrhura,molinae,Female,High,1.5,High,No,,2,4,7,Never,Never,,,,,,,,,,,,,,,,,,,,
265,Pyrrhura,molinae,Female,Low,2.5,High,Yes,Yes,3,1,3,Never,Never,,,,,,,,,,,,,,,,,,,,
336,Pyrrhura,molinae,Unknown,,1,High,No,,2,1,2,Never,Never,,,,,,,,,,,,,,,,,,,,
386,Pyrrhura,molinae,Female,Low,8,High,Yes,Yes,1,1,2,Never,Never,,,,,,,,,,,,,,,,,,,,
504,Pyrrhura,molinae,Male,High,1,High,Yes,Yes,2,0,0,Never,Never,,,,,,,,,,,,,,,,,,,,
545,Pyrrhura,molinae,Female,High,7,High,No,No,5,3,2,Never,Never,,,,,,,,,,,,,,,,,,,,
623,Pyrrhura,molinae,Female,High,1,Medium,Yes,Yes,20,1,2,Never,Never,,,,,,,,,,,,,,,,,,,,
667,Pyrrhura,molinae,Male,Medium,25,Medium,Yes,Yes,1,0,1,Never,Never,,,,,,,,,,,,,,,,,,,,
673,Pyrrhura,molinae,Male,High,15,Medium,Yes,No,0,4,5,Never,Never,,,,,,,,,,,,,,,,,,,,
737,Pyrrhura,molinae,Male,High,31,High,No,,3,2,4,Never,Never,,,,,,,,,,,,,,,,,,,,
331,Pyrrhura,molinae,Unknown,,3,Medium,Yes,Yes,3,0,0,,Never,,,,,,,,,,,,,,,,,,,,
194,Pyrrhura,molinae,Female,Low,5,Low,Yes,No,10,10,5,Sometimes,Sometimes,,,,,,,,,,,,,,,,,,,,
206,Pyrrhura,molinae,Male,High,1,High,Yes,No,2,4,6,Sometimes,Sometimes,,,,,,,,,,,,,,,,,,,,
238,Pyrrhura,molinae,Male,Low,2,High,Yes,No,1,5,7,Sometimes,Sometimes,,,,,,,,,,,,,,,,,,,,
239,Pyrrhura,molinae,Unknown,,7,High,Yes,Yes,3,4,10,Sometimes,Sometimes,,,,,,,,,,,,,,,,,,,,
272,Pyrrhura,molinae,Male,Medium,8,High,Yes,No,5,4,5,Sometimes,Sometimes,,,,,,,,,,,,,,,,,,,,
277,Pyrrhura,molinae,Male,High,1,High,Yes,No,1,3,9,Sometimes,Sometimes,,,,,,,,,,,,,,,,,,,,
311,Pyrrhura,molinae,Unknown,,6,High,Yes,No,1,4,7,Sometimes,Sometimes,,,,,,,,,,,,,,,,,,,,
313,Pyrrhura,molinae,Male,High,1.5,High,Yes,No,2,4,12,Sometimes,Sometimes,,,,,,,,,,,,,,,,,,,,
440,Pyrrhura,molinae,Male,Low,0,Medium,No,No,1,2,3,Sometimes,Sometimes,,,,,,,,,,,,,,,,,,,,
450,Pyrrhura,molinae,Female,High,6,High,Yes,Yes,3,4,7,Sometimes,Sometimes,,,,,,,,,,,,,,,,,,,,
511,Pyrrhura,molinae,Male,High,6,High,Yes,No,5,3,9,Sometimes,Sometimes,,,,,,,,,,,,,,,,,,,,
581,Pyrrhura,molinae,Male,High,1,High,Yes,Yes,1,7,7,Sometimes,Sometimes,,,,,,,,,,,,,,,,,,,,
591,Pyrrhura,molinae,Unknown,,9,High,No,No,5,6,8,Sometimes,Sometimes,,,,,,,,,,,,,,,,,,,,
624,Pyrrhura,molinae,Male,High,2,Medium,Yes,Yes,6,6,3,Sometimes,Sometimes,,,,,,,,,,,,,,,,,,,,
632,Pyrrhura,molinae,Male,High,1,High,No,,1,9,17,Sometimes,Sometimes,,,,,,,,,,,,,,,,,,,,
807,Pyrrhura,molinae,Male,High,4,High,Yes,Yes,4,5,3,Sometimes,Sometimes,,,,,,,,,,,,,,,,,,,,
254,Pyrrhura,molinae,Unknown,,1.9,High,No,,3,1,8,Frequently,Sometimes,,,,,,,,,,,,,,,,,,,,
634,Pyrrhura,molinae,Unknown,Low,1,Medium,Yes,,4,9,23,Frequently,Sometimes,,,,,,,,,,,,,,,,,,,,
720,Pyrrhura,molinae,Female,High,20,High,Yes,Yes,6,8,40,Frequently,Sometimes,,,,,,,,,,,,,,,,,,,,
73,Pyrrhura,molinae,Unknown,,5,,No,No,1,5,9,Never,Sometimes,,,,,,,,,,,,,,,,,,,,
152,Pyrrhura,molinae,Female,High,5,High,Yes,Yes,1,0,7,Never,Sometimes,,,,,,,,,,,,,,,,,,,,
263,Pyrrhura,molinae,Female,High,1,High,Yes,Yes,5,2,4,Never,Sometimes,,,,,,,,,,,,,,,,,,,,
304,Pyrrhura,molinae,Female,High,1,High,No,,0,2,3,Never,Sometimes,,,,,,,,,,,,,,,,,,,,
325,Pyrrhura,molinae,Male,High,2,High,Yes,No,1,0,5,Never,Sometimes,,,,,,,,,,,,,,,,,,,,
343,Pyrrhura,molinae,Unknown,,1,High,Yes,No,1,5,10,Never,Sometimes,,,,,,,,,,,,,,,,,,,,
366,Pyrrhura,molinae,Male,Low,,,Yes,No,4,1,2,Never,Sometimes,,,,,,,,,,,,,,,,,,,,
391,Pyrrhura,molinae,Unknown,,2,High,No,,2,0,3,Never,Sometimes,,,,,,,,,,,,,,,,,,,,
423,Pyrrhura,molinae,Female,Medium,4,Medium,No,No,0,2,4,Never,Sometimes,,,,,,,,,,,,,,,,,,,,
456,Pyrrhura,molinae,Male,Medium,21,Medium,No,No,3,0,1,Never,Sometimes,,,,,,,,,,,,,,,,,,,,
465,Pyrrhura,molinae,Unknown,N/A,1.66,High,Yes,No,1,0,6,Never,Sometimes,,,,,,,,,,,,,,,,,,,,
501,Pyrrhura,molinae,Male,High,2.5,Medium,Yes,Yes,1,2,4,Never,Sometimes,,,,,,,,,,,,,,,,,,,,
523,Pyrrhura,molinae,Male,Medium,2.5,High,No,,1,7,17,Never,Sometimes,,,,,,,,,,,,,,,,,,,,
535,Pyrrhura,molinae,Female,High,18,High,Yes,No,0,3,5,Never,Sometimes,,,,,,,,,,,,,,,,,,,,
598,Pyrrhura,molinae,Unknown,,12,High,Yes,Yes,2,3,3,Never,Sometimes,,,,,,,,,,,,,,,,,,,,
625,Pyrrhura,molinae,Unknown,Low,19,Medium,No,,2,5,11,Never,Sometimes,,,,,,,,,,,,,,,,,,,,
656,Pyrrhura,molinae,Male,High,1,High,No,,4,1,4,Never,Sometimes,,,,,,,,,,,,,,,,,,,,
666,Pyrrhura,molinae,Female,Medium,27,Medium,Yes,Yes,3,1,3,Never,Sometimes,,,,,,,,,,,,,,,,,,,,
683,Pyrrhura,molinae,Female,High,1,High,Yes,Yes,8,5,8,Never,Sometimes,,,,,,,,,,,,,,,,,,,,
801,Pyrrhura,molinae,Male,Low,,,Yes,No,3,3,4,Never,Sometimes,,,,,,,,,,,,,,,,,,,,
10,Pyrrhura,molinae,Unknown,,14,Low,Yes,No,4,0,0,,,,,,,,,,,,,,,,,,,,,,
626,Pyrrhura,perlata,Male,High,3,High,No,,3,2,7,Sometimes,Frequently,,,,,,,,,,,,,,,,,,,,
823,Pyrrhura,perlata,Male,High,2.5,High,No,,3,2,3,Never,Frequently,,,,,,,,,,,,,,,,,,,,
635,Pyrrhura,perlata,Unknown,Low,3,Medium,Yes,,3,3,11,Frequently,Never,,,,,,,,,,,,,,,,,,,,
503,Pyrrhura,perlata,Female,High,6,Medium,Yes,Yes,2,2,3,Never,Sometimes,,,,,,,,,,,,,,,,,,,,
48,Pyrrhura,rhodocephala,Male,High,1.5,Low,Yes,No,2,1,3,Sometimes,Frequently,,,,,,,,,,,,,,,,,,,,
785,Pyrrhura,rhodocephala,Male,High,19,High,Yes,No,0,7,20,Sometimes,Frequently,,,,,,,,,,,,,,,,,,,,
294,Pyrrhura,rhodocephala,Male,High,2,High,No,,0,3,5,Never,Frequently,,,,,,,,,,,,,,,,,,,,
242,Pyrrhura,rhodocephala,Male,High,3,High,No,,8,5,14,Sometimes,Sometimes,,,,,,,,,,,,,,,,,,,,
695,Pyrrhura,rhodocephala,Male,High,1,High,No,No,2,2,2,Never,Sometimes,,,,,,,,,,,,,,,,,,,,
165,Pyrrhura,rupicola,Female,High,7,High,Yes,No,2,4,11,Sometimes,Frequently,,,,,,,,,,,,,,,,,,,,
383,Pyrrhura,rupicola,Male,Low,10,Low,Yes,Yes,3,10,25,Sometimes,Frequently,,,,,,,,,,,,,,,,,,,,
355,Pyrrhura,rupicola,Unknown,,7,High,Yes,No,1,0,2,Never,Sometimes,,,,,,,,,,,,,,,,,,,,
219,Thectocercus,acuticaudatus,Male,Low,,Low,Yes,Yes,0,14,33,Sometimes,Frequently,,,,,,,,,,,,,,,,,,,,
526,Thectocercus,acuticaudatus,Male,High,14,High,Yes,No,2,3,52,Sometimes,Frequently,,,,,,,,,,,,,,,,,,,,
216,Thectocercus,acuticaudatus,Female,High,1,High,No,,2,6,16,Frequently,Frequently,,,,,,,,,,,,,,,,,,,,
376,Thectocercus,acuticaudatus,Male,High,1,High,No,,3,20,25,Frequently,Frequently,,,,,,,,,,,,,,,,,,,,
134,Thectocercus,acuticaudatus,Male,High,21,High,No,,0,1,3,Never,Frequently,,,,,,,,,,,,,,,,,,,,
599,Thectocercus,acuticaudatus,Male,Medium,23,High,Yes,No,1,1,4,Never,Frequently,,,,,,,,,,,,,,,,,,,,
256,Thectocercus,acuticaudatus,Female,High,5,High,Yes,Yes,5,15,45,Never,Sometimes,,,,,,,,,,,,,,,,,,,,
835,Thectocercus ,acuticaudatus,Male,High,1,High,Yes,No,3,1,4,Sometimes,Frequently,,,,,,,,,,,,,,,,,,,,
838,Thectocercus ,acuticaudatus,Male,High,26,High,No,,8,9,40,Sometimes,Sometimes,,,,,,,,,,,,,,,,,,,,
790,Touit,dilectissimus,Female,Low,38,High,No,No,0,6,15,Sometimes,Frequently,,,,,,,,,,,,,,,,,,,,
365,Trichoglossus,chorolepidotus,Male,Low,5,Medium,Yes,No,12,2,15,Never,Sometimes,,,,,,,,,,,,,,,,,,,,
123,Trichoglossus,moluccanus,Unknown,High,16,High,No,,4,7,6,Sometimes,Frequently,,,,,,,,,,,,,,,,,,,,
232,Trichoglossus,moluccanus,Unknown,,4,High,Yes,Yes,10,5,15,Sometimes,Frequently,,,,,,,,,,,,,,,,,,,,
480,Trichoglossus,moluccanus,Unknown,,8,Medium,Yes,Yes,3,5,20,Sometimes,Frequently,,,,,,,,,,,,,,,,,,,,
563,Trichoglossus,moluccanus,Male,High,10,High,Yes,Yes,4,7,12,Sometimes,Frequently,,,,,,,,,,,,,,,,,,,,
770,Trichoglossus,moluccanus,Female,Low,4,High,No,No,15,10,40,Frequently,Frequently,,,,,,,,,,,,,,,,,,,,
578,Trichoglossus,moluccanus,Unknown,,5,High,No,No,6,5,14,Never,Sometimes,,,,,,,,,,,,,,,,,,,,
489,,,Male,Low,12,Medium,Yes,No,6,13,16,Sometimes,Frequently,,,,,,,,,,,,,,,,,,,,
580,,,Female,High,9,Medium,No,No,10,6,25,Sometimes,Frequently,,,,,,,,,,,,,,,,,,,,
248,,,Male,Medium,6,High,No,,1,15,30,Never,Frequently,,,,,,,,,,,,,,,,,,,,
810,,,Male,Medium,,,No,,0,5,20,Never,Frequently,,,,,,,,,,,,,,,,,,,,
708,,,Male,High,11,High,No,No,3,2,8,Sometimes,Never,,,,,,,,,,,,,,,,,,,,
174,,,Female,High,4,High,Yes,No,12,3,11,Frequently,Never,,,,,,,,,,,,,,,,,,,,
61,,,Unknown,,,,No,,1,10,32,Never,Never,,,,,,,,,,,,,,,,,,,,
347,,,Female,High,,,Yes,No,2,1,2,Never,Never,,,,,,,,,,,,,,,,,,,,
193,,,Male,Low,1,High,Yes,No,7,7,10,Sometimes,Sometimes,,,,,,,,,,,,,,,,,,,,
564,,,Unknown,Low,18,High,No,No,11,5,8,Sometimes,Sometimes,,,,,,,,,,,,,,,,,,,,
,,,,,,,,,,,,,,,,,,,,,,,,,,,,,,,,,
,,,,,,,,,,,,,,,,,,,,,,,,,,,,,,,,,
,,,,,,,,,,,,,,,,,,,,,,,,,,,,,,,,,
,,,,,,,,,,,,,,,,,,,,,,,,,,,,,,,,,
,,,,,,,,,,,,,,,,,,,,,,,,,,,,,,,,,
,,,,,,,,,,,,,,,,,,,,,,,,,,,,,,,,,
,,,,,,,,,,,,,,,,,,,,,,,,,,,,,,,,,
,,,,,,,,,,,,,,,,,,,,,,,,,,,,,,,,,
,,,,,,,,,,,,,,,,,,,,,,,,,,,,,,,,,
,,,,,,,,,,,,,,,,,,,,,,,,,,,,,,,,,
,,,,,,,,,,,,,,,,,,,,,,,,,,,,,,,,,
,,,,,,,,,,,,,,,,,,,,,,,,,,,,,,,,,
,,,,,,,,,,,,,,,,,,,,,,,,,,,,,,,,,
,,,,,,,,,,,,,,,,,,,,,,,,,,,,,,,,,
,,,,,,,,,,,,,,,,,,,,,,,,,,,,,,,,,
,,,,,,,,,,,,,,,,,,,,,,,,,,,,,,,,,
,,,,,,,,,,,,,,,,,,,,,,,,,,,,,,,,,
,,,,,,,,,,,,,,,,,,,,,,,,,,,,,,,,,
,,,,,,,,,,,,,,,,,,,,,,,,,,,,,,,,,
,,,,,,,,,,,,,,,,,,,,,,,,,,,,,,,,,
,,,,,,,,,,,,,,,,,,,,,,,,,,,,,,,,,
,,,,,,,,,,,,,,,,,,,,,,,,,,,,,,,,,
,,,,,,,,,,,,,,,,,,,,,,,,,,,,,,,,,
,,,,,,,,,,,,,,,,,,,,,,,,,,,,,,,,,
,,,,,,,,,,,,,,,,,,,,,,,,,,,,,,,,,
,,,,,,,,,,,,,,,,,,,,,,,,,,,,,,,,,
,,,,,,,,,,,,,,,,,,,,,,,,,,,,,,,,,
,,,,,,,,,,,,,,,,,,,,,,,,,,,,,,,,,
,,,,,,,,,,,,,,,,,,,,,,,,,,,,,,,,,
,,,,,,,,,,,,,,,,,,,,,,,,,,,,,,,,,
,,,,,,,,,,,,,,,,,,,,,,,,,,,,,,,,,
,,,,,,,,,,,,,,,,,,,,,,,,,,,,,,,,,
,,,,,,,,,,,,,,,,,,,,,,,,,,,,,,,,,
,,,,,,,,,,,,,,,,,,,,,,,,,,,,,,,,,
,,,,,,,,,,,,,,,,,,,,,,,,,,,,,,,,,
,,,,,,,,,,,,,,,,,,,,,,,,,,,,,,,,,
,,,,,,,,,,,,,,,,,,,,,,,,,,,,,,,,,
,,,,,,,,,,,,,,,,,,,,,,,,,,,,,,,,,
,,,,,,,,,,,,,,,,,,,,,,,,,,,,,,,,,
,,,,,,,,,,,,,,,,,,,,,,,,,,,,,,,,,
,,,,,,,,,,,,,,,,,,,,,,,,,,,,,,,,,
,,,,,,,,,,,,,,,,,,,,,,,,,,,,,,,,,
,,,,,,,,,,,,,,,,,,,,,,,,,,,,,,,,,
,,,,,,,,,,,,,,,,,,,,,,,,,,,,,,,,,
,,,,,,,,,,,,,,,,,,,,,,,,,,,,,,,,,
,,,,,,,,,,,,,,,,,,,,,,,,,,,,,,,,,
,,,,,,,,,,,,,,,,,,,,,,,,,,,,,,,,,
,,,,,,,,,,,,,,,,,,,,,,,,,,,,,,,,,
,,,,,,,,,,,,,,,,,,,,,,,,,,,,,,,,,
,,,,,,,,,,,,,,,,,,,,,,,,,,,,,,,,,
,,,,,,,,,,,,,,,,,,,,,,,,,,,,,,,,,
,,,,,,,,,,,,,,,,,,,,,,,,,,,,,,,,,
,,,,,,,,,,,,,,,,,,,,,,,,,,,,,,,,,
,,,,,,,,,,,,,,,,,,,,,,,,,,,,,,,,,
,,,,,,,,,,,,,,,,,,,,,,,,,,,,,,,,,
,,,,,,,,,,,,,,,,,,,,,,,,,,,,,,,,,
,,,,,,,,,,,,,,,,,,,,,,,,,,,,,,,,,
,,,,,,,,,,,,,,,,,,,,,,,,,,,,,,,,,
,,,,,,,,,,,,,,,,,,,,,,,,,,,,,,,,,
,,,,,,,,,,,,,,,,,,,,,,,,,,,,,,,,,
,,,,,,,,,,,,,,,,,,,,,,,,,,,,,,,,,
,,,,,,,,,,,,,,,,,,,,,,,,,,,,,,,,,
,,,,,,,,,,,,,,,,,,,,,,,,,,,,,,,,,
,,,,,,,,,,,,,,,,,,,,,,,,,,,,,,,,,
,,,,,,,,,,,,,,,,,,,,,,,,,,,,,,,,,
,,,,,,,,,,,,,,,,,,,,,,,,,,,,,,,,,
,,,,,,,,,,,,,,,,,,,,,,,,,,,,,,,,,
,,,,,,,,,,,,,,,,,,,,,,,,,,,,,,,,,
,,,,,,,,,,,,,,,,,,,,,,,,,,,,,,,,,
,,,,,,,,,,,,,,,,,,,,,,,,,,,,,,,,,
,,,,,,,,,,,,,,,,,,,,,,,,,,,,,,,,,
,,,,,,,,,,,,,,,,,,,,,,,,,,,,,,,,,
,,,,,,,,,,,,,,,,,,,,,,,,,,,,,,,,,
,,,,,,,,,,,,,,,,,,,,,,,,,,,,,,,,,
,,,,,,,,,,,,,,,,,,,,,,,,,,,,,,,,,
,,,,,,,,,,,,,,,,,,,,,,,,,,,,,,,,,
,,,,,,,,,,,,,,,,,,,,,,,,,,,,,,,,,
,,,,,,,,,,,,,,,,,,,,,,,,,,,,,,,,,
,,,,,,,,,,,,,,,,,,,,,,,,,,,,,,,,,
,,,,,,,,,,,,,,,,,,,,,,,,,,,,,,,,,
,,,,,,,,,,,,,,,,,,,,,,,,,,,,,,,,,
,,,,,,,,,,,,,,,,,,,,,,,,,,,,,,,,,
,,,,,,,,,,,,,,,,,,,,,,,,,,,,,,,,,
,,,,,,,,,,,,,,,,,,,,,,,,,,,,,,,,,
,,,,,,,,,,,,,,,,,,,,,,,,,,,,,,,,,
,,,,,,,,,,,,,,,,,,,,,,,,,,,,,,,,,
,,,,,,,,,,,,,,,,,,,,,,,,,,,,,,,,,
,,,,,,,,,,,,,,,,,,,,,,,,,,,,,,,,,
,,,,,,,,,,,,,,,,,,,,,,,,,,,,,,,,,
,,,,,,,,,,,,,,,,,,,,,,,,,,,,,,,,,
,,,,,,,,,,,,,,,,,,,,,,,,,,,,,,,,,
,,,,,,,,,,,,,,,,,,,,,,,,,,,,,,,,,
,,,,,,,,,,,,,,,,,,,,,,,,,,,,,,,,,
,,,,,,,,,,,,,,,,,,,,,,,,,,,,,,,,,
,,,,,,,,,,,,,,,,,,,,,,,,,,,,,,,,,
,,,,,,,,,,,,,,,,,,,,,,,,,,,,,,,,,
,,,,,,,,,,,,,,,,,,,,,,,,,,,,,,,,,
,,,,,,,,,,,,,,,,,,,,,,,,,,,,,,,,,
,,,,,,,,,,,,,,,,,,,,,,,,,,,,,,,,,
,,,,,,,,,,,,,,,,,,,,,,,,,,,,,,,,,
